event,timestamp,python3.11,ALL_TASKS,cpu,gpu,cycle,accumulated_time
tokenizer,216.22,0.85,239.06,333,65,0,0.0
tokenizer,221.3,0.76,248.99,167,65,0,221.29999999999998
tokenizer,234.61,0.31,52.83,107,0,0,455.90999999999997
tokenizer,231.78,0.32,104.84,108,0,0,687.69
tokenizer,232.81,80.79,194.47,374,0,0,920.5
tokenizer,230.28,51.16,167.06,265,0,0,1150.78
model load,217.19,0.58,204.17,198,0,0,1367.97
model load,222.83,0.47,135.3,121,0,0,1590.8
model load,235.95,0.35,95.23,110,0,0,1826.75
model load,233.72,0.33,137.54,175,0,0,2060.4700000000003
model load,236.69,7.47,136.12,224,51,0,2297.1600000000003
model load,236.3,120.41,304.23,652,17,0,2533.46
model load,221.35,314.44,15065.9,17543,13,0,2754.8100000000004
model load,218.4,8206.42,8666.02,11310,0,0,2973.21
model load,219.0,3300.93,3849.7,7265,18,0,3192.21
model load,219.0,3611.86,4105.79,8018,100,0,3411.21
model load,217.7,3954.02,4593.06,9398,59,0,3628.9100000000003
model load,219.59,3955.38,4658.49,9459,101,0,3848.5000000000005
model load,219.03,3543.63,4104.81,7976,46,0,4067.53
model load,219.73,4079.03,4628.55,9129,55,0,4287.259999999999
model load,217.82,3480.88,3960.89,8007,77,0,4505.08
model load,218.61,3440.95,4061.57,8046,64,0,4723.69
model load,218.68,2434.79,3392.54,6837,82,0,4942.37
model load,220.22,3063.39,3955.25,7888,23,0,5162.59
model load,218.34,3161.52,3883.08,9297,27,0,5380.929999999999
model load,217.81,2995.37,3743.96,8957,23,0,5598.74
model load,218.64,3165.46,3918.88,9157,69,0,5817.38
model load,218.54,2546.54,3312.84,7541,14,0,6035.92
model load,219.26,3133.08,3876.7,9286,32,0,6255.179999999999
model load,217.7,2961.22,3672.12,8539,9,0,6472.88
model load,217.8,3162.56,3969.35,8884,41,0,6690.679999999999
model load,218.41,2322.46,3074.57,6772,78,0,6909.09
model load,218.8,3097.69,3893.42,9292,9,0,7127.889999999999
model load,218.22,3037.04,4878.48,9944,87,0,7346.11
model load,217.85,2933.89,4044.26,9047,247,0,7563.96
model load,217.97,3160.75,4247.35,10249,252,0,7781.929999999999
model load,218.97,2540.89,3577.46,7905,271,0,8000.900000000001
model load,218.07,3053.75,4146.47,9657,292,0,8218.970000000001
model load,218.67,2713.88,5721.95,10573,266,0,8437.640000000001
model load,219.75,1691.75,4224.86,9884,284,0,8657.390000000001
model load,230.46,2889.75,4208.56,9268,46,0,8887.85
model load,218.22,793.43,3478.22,6544,13,0,9106.070000000002
model load,489.81,2.79,1487.1,3830,50,0,9595.880000000001
model load,489.04,15.35,1794.07,1930,43,0,10084.92
model load,240.05,95.22,3693.38,6836,35,0,10324.970000000001
model load,280.72,344.51,2438.23,3983,433,0,10605.69
model load,221.63,2433.56,4388.63,10120,132,0,10827.320000000002
model load,219.0,2644.8,4203.52,9246,117,0,11046.320000000002
model load,217.87,2784.69,4285.07,10249,123,0,11264.19
model load,220.53,2045.86,5688.86,10343,179,0,11484.720000000001
model load,220.02,690.34,3537.39,6168,862,0,11704.740000000002
model load,218.3,2745.83,7131.59,11012,827,0,11923.04
model load,219.16,1565.06,3194.27,5895,206,0,12142.2
model load,219.54,2942.84,4101.84,9087,146,0,12361.740000000002
model load,217.42,2694.95,3352.17,6904,123,0,12579.16
model load,218.44,2418.5,5666.82,10639,133,0,12797.6
model load,218.17,3087.17,3879.32,9067,101,0,13015.77
model load,218.82,3154.99,3940.63,8838,28,0,13234.59
model load,218.09,294.02,1718.26,2944,37,0,13452.68
model load,224.5,1802.79,3050.81,5880,0,0,13677.18
model load,217.22,2479.34,3024.27,7264,76,0,13894.400000000001
model load,218.17,3187.99,3937.57,9460,9,0,14112.570000000002
model load,219.16,3034.54,4426.88,8669,14,0,14331.730000000001
model load,219.49,2808.7,4158.8,7914,46,0,14551.220000000001
model load,219.39,1012.03,2473.63,4722,73,0,14770.61
model load,219.24,3105.78,4144.59,9574,5,0,14989.85
model load,223.06,158.61,3020.07,5729,9,0,15212.91
model load,403.43,3298.96,2457.66,5471,31,0,15616.34
model load,218.87,3067.54,4079.39,9133,50,0,15835.210000000001
model load,217.54,2832.85,4306.94,8817,37,0,16052.75
model load,219.11,1711.46,3091.52,6586,87,0,16271.860000000002
model load,219.59,816.58,4259.01,7400,9,0,16491.449999999997
model load,219.4,2290.43,3477.75,6595,9,0,16710.85
model load,218.75,2669.72,4111.38,8672,55,0,16929.6
model load,218.48,3169.03,3876.68,9447,14,0,17148.079999999998
model load,217.94,3222.05,4513.33,9361,32,0,17366.02
model load,219.51,827.15,4547.74,8332,23,0,17585.53
model load,216.57,2402.19,3128.16,5813,46,0,17802.1
model load,219.98,1365.86,3729.52,8092,37,0,18022.079999999998
model load,218.25,1258.84,2412.44,3592,50,0,18240.329999999998
model load,217.78,377.07,946.38,895,46,0,18458.11
pipeline load,217.23,0.58,238.4,189,51,0,18675.34
pipeline load,239.85,0.42,124.65,154,51,0,18915.19
pipeline load,231.28,0.37,140.04,147,0,0,19146.469999999998
pipeline load,239.34,0.3,78.84,113,13,0,19385.809999999998
inference,218.15,1038.16,1252.51,1678,0,0,19603.96
inference,218.63,1060.13,1244.93,1674,0,0,19822.59
inference,218.86,1113.76,1353.82,1878,0,0,20041.449999999997
inference,217.95,1060.06,1243.01,1670,279,0,20259.399999999998
inference,218.04,1139.75,27334.95,2266,0,0,20477.44
inference,217.82,1038.73,1304.03,1740,252,0,20695.26
inference,218.76,1151.55,1333.8,1787,37,0,20914.02
inference,217.93,1244.51,1439.18,1913,658,0,21131.949999999997
inference,217.77,1033.93,1311.57,1777,1037,0,21349.719999999998
inference,218.76,1271.74,1491.31,2057,0,0,21568.48
inference,217.94,1033.49,1437.55,1845,1102,0,21786.42
inference,217.71,1228.11,1462.33,1906,0,0,22004.129999999997
inference,217.59,1366.38,1556.77,2041,707,0,22221.719999999998
inference,217.84,1360.34,1583.29,2203,2486,0,22439.559999999998
inference,218.23,1631.21,1986.33,2768,835,0,22657.789999999997
inference,218.2,978.52,1164.1,1581,628,0,22875.989999999998
inference,218.62,1578.57,1780.17,2923,0,0,23094.61
inference,217.6,2747.21,3019.15,4044,2804,0,23312.21
inference,217.77,2082.63,2317.93,3178,1700,0,23529.98
inference,218.39,2667.68,2849.47,3434,7081,0,23748.37
inference,217.64,2749.8,2971.87,3887,7784,0,23966.01
inference,218.42,2629.16,2812.48,3448,7218,0,24184.43
inference,218.39,2669.51,2857.12,3494,6524,0,24402.82
inference,217.38,2745.78,3029.9,3961,8096,0,24620.199999999997
inference,218.07,2458.85,2639.98,3398,6868,0,24838.27
inference,218.01,2836.71,3026.11,3445,7012,0,25056.28
inference,217.64,2621.81,2803.77,3781,8243,0,25273.92
inference,218.34,2581.5,2965.83,3783,6722,0,25492.26
inference,217.75,2705.73,2987.24,4032,6705,0,25710.01
inference,218.77,2501.56,2747.57,3776,7789,0,25928.78
inference,218.15,2897.48,3193.09,3722,6075,0,26146.93
inference,217.76,2490.93,2781.8,3711,8567,0,26364.69
inference,217.88,2658.23,2920.9,3429,6089,0,26582.57
inference,217.15,2651.66,2927.61,3758,7550,0,26799.719999999998
inference,218.08,2589.59,2920.23,3389,6576,0,27017.8
inference,217.39,2679.68,2985.49,3717,7167,0,27235.19
inference,217.95,2550.47,2819.59,3285,6946,0,27453.14
inference,217.04,2688.35,2979.15,3746,6809,0,27670.18
inference,217.9,2476.11,2763.49,3318,7298,0,27888.079999999998
inference,217.32,2780.47,3110.54,3764,6558,0,28105.399999999998
inference,217.97,2436.2,2795.69,3523,7952,0,28323.37
inference,217.27,2806.59,3126.33,3894,6088,0,28540.64
inference,218.19,2322.21,2603.4,3488,8160,0,28758.829999999998
inference,217.97,2943.51,3281.3,3624,6586,0,28976.8
inference,217.59,2437.57,2707.85,3465,8354,0,29194.39
inference,217.98,2789.79,3105.36,3638,5906,0,29412.37
inference,217.84,2431.75,2729.85,3296,7634,0,29630.21
inference,217.53,2665.71,2940.25,3595,5642,0,29847.739999999998
inference,217.83,2449.71,2763.89,3227,6955,0,30065.57
inference,217.61,2504.51,2790.12,3552,7373,0,30283.18
inference,217.97,2770.04,3082.18,3702,5133,0,30501.149999999998
inference,217.83,2355.27,2619.46,3112,7951,0,30718.98
inference,217.46,2592.37,2886.07,3679,6064,0,30936.44
inference,218.14,2813.87,3146.79,3479,6190,0,31154.579999999998
inference,217.55,2301.34,2574.68,3218,7532,0,31372.129999999997
inference,217.14,2665.98,2987.65,3753,5691,0,31589.27
inference,217.78,2648.62,2924.34,3343,6646,0,31807.05
inference,217.23,2408.92,2666.3,3646,7572,0,32024.28
inference,218.17,2689.56,2990.27,3992,5400,0,32242.449999999997
inference,218.04,2570.72,2864.64,3371,7164,0,32460.489999999998
inference,217.63,2493.14,2769.79,3492,7503,0,32678.119999999995
inference,217.22,2658.48,2944.46,3595,4940,0,32895.34
inference,217.79,2511.56,2873.85,3393,7472,0,33113.13
inference,218.16,2539.86,2963.43,3653,7402,0,33331.29
inference,216.89,2721.1,3022.6,3642,5024,0,33548.18
inference,217.87,2375.59,2650.57,3162,7695,0,33766.049999999996
inference,217.79,2575.63,2871.69,3554,7275,0,33983.84
inference,217.42,2659.37,2858.37,3500,5542,0,34201.26
inference,218.12,2414.82,2598.64,2998,7635,0,34419.38
inference,218.42,2518.84,2750.28,3480,6831,0,34637.799999999996
inference,218.39,2775.11,2961.59,3521,5604,0,34856.19
inference,218.72,2301.15,2479.41,3018,7638,0,35074.909999999996
inference,217.55,2497.51,2681.56,3489,6922,0,35292.46
inference,218.26,2788.83,3015.45,3578,5888,0,35510.72
inference,218.36,2309.45,2583.64,3119,7729,0,35729.08
inference,217.78,2554.34,2832.34,3655,6805,0,35946.86
inference,218.31,2812.7,2995.56,3523,6056,0,36165.17
inference,218.37,2163.52,2356.53,2899,7801,0,36383.54
inference,218.0,2603.58,2828.25,3454,6672,0,36601.54
inference,218.16,2617.74,2801.0,3424,6592,0,36819.7
inference,218.05,2259.26,2439.87,2935,7847,0,37037.75
inference,217.68,2622.1,2803.64,3418,6242,0,37255.43
inference,218.31,2607.92,2846.46,3293,6803,0,37473.74
inference,217.65,2077.23,2280.27,2904,7979,0,37691.39
inference,218.91,2478.38,2656.44,3284,6065,0,37910.299999999996
inference,218.2,2453.97,2650.44,3368,4947,0,38128.5
inference,217.93,2590.82,2780.17,3418,5687,0,38346.43
inference,218.03,2615.73,2884.15,3568,6713,0,38564.46
inference,218.22,2455.82,2636.04,3015,6719,0,38782.68
inference,217.72,2242.66,2464.81,3160,6599,0,39000.4
inference,218.42,2458.48,2645.32,3310,5916,0,39218.82
inference,217.75,2502.05,2756.16,3417,5274,0,39436.57
inference,217.78,2469.32,2698.43,3357,5442,0,39654.35
inference,218.2,2600.12,3445.82,4056,6309,0,39872.549999999996
inference,218.47,2599.49,2780.03,3332,6577,0,40091.02
inference,218.12,2297.72,2481.2,2875,6573,0,40309.14
inference,217.87,2113.2,2377.05,3066,7024,0,40527.01
inference,219.08,2478.25,2660.43,3318,5490,0,40746.09
inference,218.39,2424.05,2613.49,3283,5350,0,40964.479999999996
inference,218.4,2430.59,2637.25,3338,5376,0,41182.88
inference,217.52,2525.9,2707.06,3319,5444,0,41400.4
inference,218.12,2485.98,2708.53,3333,6882,0,41618.52
inference,218.08,2624.02,2802.32,3315,6611,0,41836.6
inference,218.14,2336.49,2557.93,2993,6548,0,42054.74
inference,217.69,2243.06,2418.46,3069,6716,0,42272.43
inference,218.65,2499.25,2681.41,3293,5972,0,42491.08
inference,218.22,2478.28,2660.65,3309,5461,0,42709.299999999996
inference,218.1,2523.31,2706.44,3347,5504,0,42927.4
inference,217.55,2398.66,2636.27,3333,5598,0,43144.95
inference,218.19,2648.07,2830.21,3318,6670,0,43363.14
inference,218.38,2557.73,2751.01,3384,6600,0,43581.52
inference,218.52,2485.06,2659.81,3080,6571,0,43800.04
inference,218.7,2216.88,2829.13,3242,6974,0,44018.74
inference,217.97,2289.04,2564.7,3225,6264,0,44236.71
inference,219.18,2353.67,2546.5,3253,5836,0,44455.89
inference,218.12,2482.63,2668.49,3260,5553,0,44674.01
inference,217.66,2392.33,2578.01,3267,5602,0,44891.67
inference,217.86,2512.54,2729.48,3319,5678,0,45109.53
inference,217.53,2519.46,2703.64,3314,6160,0,45327.06
inference,218.18,2509.58,2740.23,3318,6574,0,45545.24
inference,218.22,2509.63,2696.76,3281,6568,0,45763.46
inference,218.16,2384.5,2568.82,3200,6530,0,45981.619999999995
inference,217.84,2396.6,2586.2,3016,6573,0,46199.46
inference,217.65,2239.41,2425.63,3138,6606,0,46417.11
inference,218.79,2407.17,2627.55,3318,6350,0,46635.9
inference,218.83,2466.81,2651.96,3258,5713,0,46854.729999999996
inference,218.23,2482.22,2719.66,3350,5685,0,47072.96
inference,218.66,2437.79,2622.4,3270,5806,0,47291.619999999995
inference,217.86,2444.09,2790.51,3475,5790,0,47509.479999999996
inference,218.06,2503.18,2903.69,3357,6738,0,47727.54
inference,219.31,2564.53,2892.56,3548,6659,0,47946.85
inference,218.23,2404.06,2592.02,3308,6671,0,48165.08
inference,218.01,2511.29,2699.44,3078,6635,0,48383.09
inference,217.52,2248.69,2498.99,3108,6724,0,48600.61
inference,218.12,2254.81,2439.84,3182,7140,0,48818.729999999996
inference,218.97,2440.27,2652.17,3311,5855,0,49037.7
inference,218.34,2441.38,2626.81,3284,5891,0,49256.04
inference,218.51,2435.12,2663.22,3350,5844,0,49474.549999999996
inference,219.22,2457.14,2651.24,3275,5931,0,49693.77
inference,218.38,2426.61,2621.75,3260,5912,0,49912.15
inference,218.78,2392.93,2613.59,3341,6599,0,50130.93
inference,218.63,2486.35,2694.95,3284,6751,0,50349.56
inference,218.82,2516.3,2705.05,3281,7117,0,50568.38
inference,218.46,2549.32,2736.51,3241,6690,0,50786.84
inference,218.31,2277.29,2519.34,3078,6770,0,51005.15
inference,218.25,2225.28,2413.36,3120,6839,0,51223.4
inference,218.99,2358.52,2572.15,3283,6602,0,51442.39
inference,219.4,2371.43,2563.26,3186,6023,0,51661.79
inference,218.64,2324.3,2515.96,3238,5934,0,51880.43
inference,219.19,2446.49,2665.97,3257,5978,0,52099.619999999995
inference,219.14,2372.85,2561.12,3217,6063,0,52318.76
inference,218.52,2482.35,2666.12,3254,6571,0,52537.28
inference,218.6,2483.55,2668.36,3248,6851,0,52755.88
inference,218.44,2338.56,2574.84,3305,6839,0,52974.32
inference,218.56,2508.15,2694.44,3258,6881,0,53192.88
inference,218.56,2344.27,2528.54,2947,7298,0,53411.44
inference,218.02,2228.13,2413.53,3014,6895,0,53629.46
inference,218.75,2300.28,2484.09,3227,6935,0,53848.21
inference,219.57,2335.89,2563.55,3302,6185,0,54067.78
inference,219.12,2431.32,2619.29,3204,6144,0,54286.9
inference,219.12,2370.14,2585.02,3331,6097,0,54506.02
inference,217.95,2393.31,3515.05,3556,6111,0,54723.97
inference,218.27,2401.15,2597.02,3230,6364,0,54942.24
inference,218.78,2323.6,2517.72,3236,7092,0,55161.02
inference,218.95,2453.25,2641.33,3220,6938,0,55379.97
inference,218.75,2464.97,2679.01,3259,6915,0,55598.72
inference,218.61,2436.53,2628.03,3138,7241,0,55817.33
inference,218.35,2175.9,2386.2,3087,6967,0,56035.68
inference,218.06,2172.52,2364.06,2953,6984,0,56253.74
inference,219.37,2257.64,2493.37,3273,7122,0,56473.11
inference,219.64,2293.7,2500.51,3196,6460,0,56692.75
inference,219.14,2385.3,2576.94,3176,6206,0,56911.89
inference,219.0,2251.73,2442.96,3160,6252,0,57130.89
inference,219.39,2394.3,2585.15,3163,6224,0,57350.28
inference,218.37,2252.07,2482.3,3219,6326,0,57568.65
inference,218.49,2431.69,2615.3,3195,6864,0,57787.14
inference,219.18,2434.57,2629.37,3189,7470,0,58006.32
tokenizer,217.08,0.91,229.43,221,5,1,0.0
tokenizer,222.47,0.78,156.6,126,5,1,222.47
tokenizer,237.09,0.3,88.97,118,0,1,459.55999999999995
tokenizer,235.51,0.33,99.22,123,0,1,695.0699999999999
tokenizer,237.42,142.85,223.23,417,0,1,932.4899999999999
model load,218.51,0.72,976.11,1071,9,1,1151.0
model load,227.08,0.57,107.45,137,9,1,1378.0800000000002
model load,233.55,0.32,129.65,158,0,1,1611.63
model load,237.94,0.39,73.15,118,51,1,1849.5700000000002
model load,235.18,27.83,182.23,281,0,1,2084.75
model load,236.4,342.75,12376.92,14594,26,1,2321.15
model load,218.64,9410.57,9767.83,11960,0,1,2539.79
model load,217.39,3695.36,4176.08,8170,18,1,2757.1800000000003
model load,218.89,3769.87,4298.79,8397,78,1,2976.07
model load,218.11,3786.0,4352.72,8963,82,1,3194.1800000000003
model load,218.72,4034.38,4540.29,9432,96,1,3412.9
model load,217.6,3576.0,4629.62,8727,64,1,3630.5
model load,219.35,4069.01,4684.57,9391,41,1,3849.85
model load,218.22,3531.46,4071.22,8148,68,1,4068.0699999999997
model load,218.74,3656.05,4222.39,8709,115,1,4286.81
model load,217.75,3504.46,3964.98,7954,73,1,4504.56
model load,218.31,4103.96,4686.99,9716,60,1,4722.87
model load,218.38,3537.82,4008.53,7890,55,1,4941.25
model load,218.78,4741.36,5295.23,9119,60,1,5160.03
model load,217.59,3471.57,3943.64,7684,137,1,5377.62
model load,217.8,3855.97,4565.69,9320,51,1,5595.42
model load,218.17,3504.25,3967.12,8003,133,1,5813.59
model load,218.13,4014.83,4592.49,9137,64,1,6031.72
model load,218.22,3058.33,3809.2,7185,60,1,6249.9400000000005
model load,217.36,3186.25,3902.51,9321,60,1,6467.3
model load,217.01,2923.1,3802.66,9119,23,1,6684.31
model load,217.82,3024.59,3924.37,8273,74,1,6902.13
model load,217.56,3131.98,3859.32,8866,18,1,7119.6900000000005
model load,217.29,2300.18,2976.89,6231,37,1,7336.9800000000005
model load,218.35,2500.63,3077.2,6549,23,1,7555.33
model load,217.16,2417.67,3156.63,6848,64,1,7772.49
model load,220.56,2684.07,3769.0,8569,28,1,7993.049999999999
model load,219.09,2127.02,3954.7,10238,63,1,8212.14
model load,328.17,386.14,1990.71,3516,23,1,8540.31
model load,217.33,98.49,1728.05,4657,6,1,8757.64
model load,561.84,616.27,1971.97,3295,32,1,9319.48
model load,218.75,1976.01,2974.59,6025,18,1,9538.23
model load,229.1,1660.58,2596.35,5709,14,1,9767.33
model load,217.11,3017.97,3696.24,9364,26,1,9984.44
model load,217.29,3153.51,3952.65,9218,14,1,10201.73
model load,217.25,3157.36,3959.78,8580,92,1,10418.98
model load,218.75,2493.92,3175.44,7104,23,1,10637.73
model load,216.99,3065.05,3959.21,9337,27,1,10854.72
model load,217.78,3173.04,4111.31,9170,23,1,11072.5
model load,218.89,3214.12,3990.55,9315,69,1,11291.39
model load,219.61,1358.74,3169.1,7113,37,1,11511.0
model load,284.05,884.19,1966.99,3932,36,1,11795.050000000001
model load,221.22,1732.57,3259.76,6654,0,1,12016.27
model load,261.28,2207.07,2826.5,6893,50,1,12277.550000000001
model load,221.06,4734.1,5359.37,8084,23,1,12498.61
model load,217.19,1879.42,2879.7,4029,86,1,12715.800000000001
model load,217.67,1693.99,1975.86,2343,41,1,12933.47
pipeline load,217.13,0.5,225.06,170,64,1,13150.6
pipeline load,231.92,0.41,80.66,116,64,1,13382.52
pipeline load,233.73,0.47,94.38,116,0,1,13616.25
pipeline load,236.31,0.36,87.2,114,0,1,13852.56
inference,218.04,1119.98,1381.63,1853,0,1,14070.6
inference,217.08,998.08,1217.3,1649,0,1,14287.68
inference,217.83,1081.55,1263.27,1749,0,1,14505.51
inference,217.56,1089.54,1271.76,1705,243,1,14723.07
inference,217.55,1144.01,1626.3,2197,0,1,14940.62
inference,217.94,963.81,1391.92,1808,234,1,15158.56
inference,218.37,1356.85,1536.65,2029,55,1,15376.93
inference,217.56,1137.39,1327.79,1719,1987,1,15594.49
inference,218.8,1193.57,1449.89,1942,515,1,15813.29
inference,217.76,1014.49,1248.18,1727,644,1,16031.050000000001
inference,217.73,1996.49,2181.58,3036,37,1,16248.78
inference,218.53,2485.89,2683.45,3972,5181,1,16467.309999999998
inference,218.33,2780.42,3073.92,3614,2645,1,16685.64
inference,217.68,2956.53,3142.37,3625,7841,1,16903.32
inference,218.3,2605.77,2834.0,3394,7810,1,17121.62
inference,218.32,2649.43,2836.57,3307,6802,1,17339.94
inference,216.95,2908.12,3323.15,3895,7265,1,17556.89
inference,218.26,2567.87,3139.67,3762,8347,1,17775.149999999998
inference,218.42,2588.12,2770.01,3209,6758,1,17993.57
inference,217.29,2850.66,3043.45,3590,7092,1,18210.859999999997
inference,218.3,2580.01,2760.07,3202,8136,1,18429.16
inference,218.14,2617.99,2830.23,3232,6848,1,18647.3
inference,217.42,2791.58,3118.63,3712,7385,1,18864.719999999998
inference,218.46,2534.79,2998.22,3744,7893,1,19083.179999999997
inference,218.06,2917.01,3103.64,3462,6107,1,19301.239999999998
inference,217.87,2486.33,2675.39,3273,8218,1,19519.109999999997
inference,218.4,2632.69,2815.18,3205,6242,1,19737.51
inference,217.74,2827.0,3005.97,3513,7848,1,19955.25
inference,218.25,2559.29,2778.71,3203,6563,1,20173.5
inference,217.24,2830.91,3016.59,3581,7235,1,20390.739999999998
inference,218.34,2538.54,2772.66,3192,7545,1,20609.079999999998
inference,217.87,2723.69,2910.74,3502,6371,1,20826.949999999997
inference,218.19,2532.88,2960.44,3612,8051,1,21045.14
inference,218.0,2914.35,3094.06,3390,6284,1,21263.14
inference,217.79,2490.56,2668.84,3288,8307,1,21480.929999999997
inference,218.18,2593.82,2808.51,3190,6332,1,21699.109999999997
inference,218.09,2623.5,2806.28,3466,8328,1,21917.199999999997
inference,218.41,2592.05,2778.71,3159,6772,1,22135.609999999997
inference,217.91,2760.04,2942.54,3451,7339,1,22353.519999999997
inference,218.49,2483.99,2721.39,3131,6851,1,22572.01
inference,217.68,2646.0,2837.44,3381,7405,1,22789.69
inference,218.0,2789.1,3111.99,3610,5393,1,23007.69
inference,218.1,2335.36,2511.24,2930,8124,1,23225.789999999997
inference,217.38,2784.17,2964.95,3432,5617,1,23443.17
inference,218.2,2472.81,2701.54,3093,6955,1,23661.37
inference,218.29,2530.47,2717.42,3303,7539,1,23879.66
inference,217.36,2788.48,2969.03,3455,5062,1,24097.019999999997
inference,218.08,2364.85,2545.96,2944,7692,1,24315.1
inference,217.87,2672.77,2897.72,3424,6617,1,24532.969999999998
inference,217.96,2657.52,2847.36,3368,6297,1,24750.929999999997
inference,218.02,2413.98,2599.54,3009,7598,1,24968.949999999997
inference,217.98,2665.99,2904.23,3459,5720,1,25186.929999999997
inference,218.49,2679.94,2858.6,3167,6730,1,25405.42
inference,217.42,2447.57,2626.21,3252,7639,1,25622.84
inference,217.71,2700.42,2881.81,3445,5344,1,25840.55
inference,217.99,2506.59,2738.26,3129,7519,1,26058.539999999997
inference,218.53,2598.08,2785.19,3373,7377,1,26277.07
inference,217.12,2644.85,2822.89,3486,5176,1,26494.19
inference,218.57,2439.66,2667.14,3006,7710,1,26712.76
inference,218.25,2493.52,2676.8,3363,7092,1,26931.01
inference,218.1,2792.87,2973.96,3457,5485,1,27149.109999999997
inference,217.89,2320.97,2496.29,2928,8134,1,27367.0
inference,218.02,2599.77,2904.18,3591,6439,1,27585.019999999997
inference,218.14,2743.69,2921.54,3461,6192,1,27803.16
inference,218.68,2412.71,2696.21,3137,7743,1,28021.84
inference,217.08,2634.89,2855.03,3460,6343,1,28238.92
inference,217.81,2811.8,2990.45,3319,6408,1,28456.73
inference,217.74,2261.1,2487.95,3146,8269,1,28674.469999999998
inference,217.74,2635.53,2819.9,3426,5823,1,28892.21
inference,218.09,2676.51,2989.98,3471,7192,1,29110.3
inference,217.64,2387.36,2565.38,3230,7946,1,29327.94
inference,217.27,2693.57,2910.02,3447,5546,1,29545.21
inference,218.14,2318.39,2495.66,2934,7751,1,29763.35
inference,218.46,2468.78,2650.75,3342,7793,1,29981.809999999998
inference,217.79,2757.18,2984.2,3503,5864,1,30199.6
inference,218.17,2267.66,2448.17,2888,8035,1,30417.769999999997
inference,218.33,2543.54,2737.42,3394,6971,1,30636.1
inference,217.91,2602.19,2777.93,3359,6183,1,30854.01
inference,218.18,2563.33,2815.09,3282,6792,1,31072.19
inference,218.86,2283.1,2462.71,2851,6366,1,31291.05
inference,218.66,2389.22,2662.65,3284,6703,1,31509.71
inference,217.82,2508.65,2831.26,3475,5483,1,31727.53
inference,217.58,2479.21,2687.89,3305,5372,1,31945.109999999997
inference,217.3,2599.74,2817.69,3387,5621,1,32162.41
inference,217.95,2616.54,2804.36,3349,6724,1,32380.359999999997
inference,217.97,2465.35,2699.7,3129,6713,1,32598.33
inference,216.85,2194.24,2516.9,3500,6776,1,32815.18
inference,218.28,2489.55,2983.01,3326,6271,1,33033.46
inference,217.98,2429.78,2613.22,3248,5346,1,33251.439999999995
inference,218.07,2550.71,2760.93,3329,5367,1,33469.509999999995
inference,217.79,2494.27,2743.64,3407,6094,1,33687.299999999996
inference,217.97,2557.0,2744.35,3312,6672,1,33905.27
inference,217.96,2524.2,2749.09,3124,6648,1,34123.229999999996
inference,217.83,2194.76,2401.2,3048,6735,1,34341.06
inference,218.72,2423.0,2603.45,3283,6445,1,34559.78
inference,217.86,2534.34,2710.54,3273,5432,1,34777.64
inference,218.37,2505.88,2687.94,3288,5481,1,34996.01
inference,217.12,2492.37,2725.45,3325,5582,1,35213.13
inference,218.19,2518.4,2699.32,3350,6743,1,35431.32
inference,218.12,2642.54,2855.73,3351,6687,1,35649.439999999995
inference,218.36,2365.04,2569.64,2977,7134,1,35867.799999999996
inference,217.5,2215.44,2392.04,3030,6228,1,36085.299999999996
inference,218.39,2384.1,2558.24,3237,6317,1,36303.689999999995
inference,218.15,2541.02,2776.4,3337,5536,1,36521.84
inference,217.8,2461.98,2642.0,3246,5638,1,36739.64
inference,217.76,2532.7,2718.97,3306,5537,1,36957.4
inference,218.19,2354.56,2579.68,3236,6452,1,37175.59
inference,218.65,2459.7,2666.46,3320,6352,1,37394.24
inference,217.95,2426.71,2630.61,3258,6504,1,37612.189999999995
inference,218.17,2655.93,2835.38,3186,6272,1,37830.36
inference,217.91,2232.26,2504.56,3079,6674,1,38048.27
inference,217.86,2331.72,2515.47,3199,7154,1,38266.13
inference,218.8,2403.84,2586.2,3291,5692,1,38484.93
inference,218.34,2494.53,2711.11,3325,5649,1,38703.27
inference,217.87,2520.26,2700.28,3300,5762,1,38921.14
inference,218.01,2398.49,2580.56,3275,5696,1,39139.15
inference,217.89,2527.05,2708.89,3295,6156,1,39357.04
inference,217.91,2567.42,2798.44,3396,7068,1,39574.95
inference,218.12,2534.97,2716.1,3292,6714,1,39793.07
inference,218.12,2548.23,2767.59,3292,6638,1,40011.189999999995
inference,217.7,2240.35,2420.85,2977,6643,1,40228.89
inference,218.42,2304.93,2482.91,3214,6808,1,40447.31
inference,219.02,2460.9,2682.0,3306,5965,1,40666.33
inference,218.31,2384.43,2569.32,3239,5840,1,40884.64
inference,218.08,2480.38,2659.55,3256,5804,1,41102.72
inference,217.48,2381.45,2559.4,3223,5833,1,41320.2
inference,217.25,2511.35,2744.25,3333,6276,1,41537.45
inference,217.96,2528.69,2773.99,3492,6813,1,41755.409999999996
inference,217.82,2543.82,2727.68,3278,6777,1,41973.229999999996
inference,218.01,2530.28,2713.53,3344,7134,1,42191.24
inference,218.13,2340.94,2546.82,3012,6789,1,42409.369999999995
inference,217.63,2236.39,2452.98,3125,6785,1,42627.0
inference,218.85,2385.63,2552.08,3253,6552,1,42845.85
inference,218.96,2470.06,2656.33,3261,5890,1,43064.81
inference,218.59,2402.86,2582.09,3262,5896,1,43283.4
inference,218.86,2476.6,2661.42,3304,5924,1,43502.26
inference,218.04,2456.04,2682.73,3284,6068,1,43720.299999999996
inference,217.98,2529.67,2705.25,3285,6747,1,43938.28
inference,218.4,2399.2,2769.72,3713,6785,1,44156.68
inference,218.33,2538.44,2731.88,3293,7253,1,44375.01
inference,218.52,2494.71,2705.02,3126,6852,1,44593.53
inference,217.95,2232.79,2419.58,2996,6919,1,44811.479999999996
inference,218.25,2215.17,2396.79,3102,6965,1,45029.729999999996
inference,219.11,2373.29,2550.57,3263,6493,1,45248.84
inference,219.3,2430.35,2638.02,3251,6015,1,45468.14
inference,218.34,2387.5,2630.38,3293,6019,1,45686.479999999996
inference,219.02,2446.28,2631.25,3242,6142,1,45905.5
inference,218.48,2419.98,2606.07,3254,6114,1,46123.979999999996
inference,218.94,2504.04,2696.47,3270,7035,1,46342.92
inference,218.45,2358.01,2599.99,3314,6856,1,46561.369999999995
inference,218.16,2518.05,2806.83,3392,6931,1,46779.53
inference,218.07,2489.84,2679.1,3178,7009,1,46997.6
inference,218.39,2272.47,2455.11,2981,6979,1,47215.99
inference,218.04,2215.69,2401.52,3077,7473,1,47434.03
inference,219.71,2387.4,2610.81,3300,6705,1,47653.74
inference,219.56,2347.69,2531.75,3257,6208,1,47873.299999999996
inference,218.79,2345.59,2540.72,3213,6144,1,48092.09
inference,219.24,2418.66,2605.37,3202,6179,1,48311.33
inference,218.62,2324.63,2543.32,3207,6194,1,48529.95
inference,217.97,2448.43,2633.99,3230,6642,1,48747.92
inference,218.73,2287.01,2499.92,3118,7497,1,48966.65
inference,219.1,2460.15,2644.0,3227,6602,1,49185.75
inference,218.76,2332.23,2510.86,3227,7024,1,49404.509999999995
inference,218.62,2455.59,2689.5,3097,7063,1,49623.13
inference,217.75,2183.24,2366.3,2957,7090,1,49840.88
inference,217.99,2212.7,2400.38,3032,7499,1,50058.869999999995
inference,219.47,2260.94,2456.74,3230,6757,1,50278.34
inference,219.81,2395.64,2579.62,3253,6479,1,50498.15
inference,218.53,2314.77,2535.17,3135,6346,1,50716.68
inference,219.44,2247.78,2436.66,3154,6329,1,50936.119999999995
tokenizer,216.95,0.77,185.44,129,0,2,0.0
tokenizer,236.19,0.51,90.19,106,0,2,236.19
tokenizer,233.57,0.28,139.53,167,0,2,469.76000000000005
tokenizer,236.52,0.3,85.41,326,60,2,706.28
tokenizer,241.06,255.39,747.45,875,0,2,947.3399999999999
model load,217.4,0.49,189.45,133,0,2,1164.74
model load,236.68,0.49,118.47,144,0,2,1401.4199999999998
model load,229.41,0.39,85.42,122,8,2,1630.83
model load,231.82,0.32,103.53,134,0,2,1862.6499999999999
model load,235.6,39.08,136.37,238,0,2,2098.25
model load,229.73,340.54,12881.14,15131,0,2,2327.98
model load,216.59,9625.67,10049.39,12521,0,2,2544.57
model load,218.39,3776.09,4268.26,8031,78,2,2762.96
model load,218.37,3681.42,4219.45,8430,96,2,2981.33
model load,217.88,3840.66,4361.37,9138,69,2,3199.21
model load,218.38,4112.27,4697.99,9538,78,2,3417.59
model load,218.98,3651.46,4162.21,8165,101,2,3636.57
model load,219.48,4152.57,4776.91,9482,41,2,3856.05
model load,218.04,3578.15,4056.12,8109,87,2,4074.09
model load,218.18,3844.98,4390.99,9066,96,2,4292.27
model load,218.3,3634.23,4111.91,8236,83,2,4510.57
model load,217.93,4142.73,4756.04,9489,69,2,4728.5
model load,218.54,3567.42,4097.5,8067,64,2,4947.04
model load,219.01,4146.51,4697.74,9488,124,2,5166.05
model load,218.32,3356.46,3809.6,7503,55,2,5384.37
model load,218.29,4127.91,4726.63,9716,55,2,5602.66
model load,218.72,3691.78,4179.42,8097,69,2,5821.38
model load,218.35,3907.54,4569.71,9237,73,2,6039.7300000000005
model load,218.49,3369.58,3966.55,7543,124,2,6258.22
model load,216.55,3160.84,3932.31,9873,69,2,6474.77
model load,217.03,3055.75,3850.94,8847,5,2,6691.8
model load,218.1,3194.41,3906.97,8588,78,2,6909.900000000001
model load,217.59,3036.98,3741.36,8543,14,2,7127.49
model load,218.75,2679.24,3394.07,7031,41,2,7346.24
model load,219.1,2029.44,2562.59,5007,27,2,7565.34
model load,216.57,2734.56,3576.6,7342,73,2,7781.91
model load,219.93,2187.75,3846.75,9226,0,2,8001.839999999999
model load,371.87,84.5,1655.23,4854,64,2,8373.71
model load,505.22,819.55,2314.5,3583,0,2,8878.929999999998
model load,221.46,3036.93,3915.68,8932,18,2,9100.39
model load,217.96,1679.8,2608.56,4804,32,2,9318.349999999999
model load,217.73,2663.49,3363.48,7955,18,2,9536.08
model load,217.14,3097.77,3821.88,9036,92,2,9753.22
model load,218.54,3252.82,4013.27,8946,28,2,9971.759999999998
model load,218.12,3208.15,3962.64,9247,23,2,10189.88
model load,217.98,2209.92,3126.5,6904,28,2,10407.859999999999
model load,218.52,3299.04,4092.54,9679,55,2,10626.38
model load,219.17,4574.72,5007.13,6561,27,2,10845.55
model load,217.36,71.05,1517.83,2673,114,2,11062.91
model load,227.67,39.36,1631.57,2534,14,2,11290.58
model load,221.61,2348.37,3153.1,5406,0,2,11512.189999999999
model load,219.33,3126.63,3880.14,9187,95,2,11731.519999999999
model load,217.32,3061.31,4001.25,9433,32,2,11948.84
model load,216.59,559.38,2041.01,3952,64,2,12165.429999999998
model load,220.02,1780.23,2882.3,5813,9,2,12385.449999999999
model load,218.05,3089.47,3960.73,10016,27,2,12603.5
model load,217.16,3123.77,3969.33,8759,18,2,12820.66
model load,217.78,680.12,1003.69,1313,51,2,13038.439999999999
pipeline load,216.54,0.65,191.93,134,0,2,13254.98
pipeline load,236.09,0.55,100.29,144,0,2,13491.07
pipeline load,235.67,0.33,89.04,106,13,2,13726.74
pipeline load,236.55,0.4,113.28,148,0,2,13963.289999999999
inference,217.71,1021.16,1205.72,1695,0,2,14181.0
inference,217.75,1163.43,1368.87,1763,0,2,14398.75
inference,217.46,1106.39,1936.23,1899,37,2,14616.21
inference,217.63,1059.69,1319.17,1732,235,2,14833.84
inference,217.88,1169.93,2900.62,3640,23,2,15051.72
inference,217.8,1201.34,3113.1,3714,243,2,15269.519999999999
inference,218.12,1066.24,1280.62,1719,624,2,15487.64
inference,217.73,1224.69,1422.21,2035,73,2,15705.369999999999
inference,217.92,1081.75,1410.31,1790,1038,2,15923.289999999999
inference,218.18,1324.63,1515.26,1957,50,2,16141.47
inference,217.55,1214.92,1397.95,1908,843,2,16359.02
inference,217.56,1113.69,1375.2,1816,689,2,16576.579999999998
inference,217.44,1654.23,2212.75,2865,0,2,16794.02
inference,217.48,1566.6,1798.16,2593,3265,2,17011.5
inference,218.35,2380.51,2599.62,3824,1890,2,17229.85
inference,218.11,2737.97,2968.52,3361,1937,2,17447.96
inference,218.01,2711.75,2896.9,3326,7721,2,17665.969999999998
inference,218.14,2658.15,2993.21,3502,7119,2,17884.11
inference,216.96,2838.61,3020.89,3388,6844,2,18101.07
inference,217.53,2609.99,2805.43,3498,8564,2,18318.6
inference,218.06,2616.43,2793.4,3238,6896,2,18536.66
inference,217.99,2840.0,3020.85,3344,6883,2,18754.649999999998
inference,218.36,2790.01,3019.89,3609,8399,2,18973.01
inference,217.96,2627.35,2807.49,3216,7208,2,19190.969999999998
inference,218.02,2687.7,2873.0,3302,6827,2,19408.989999999998
inference,217.95,2770.58,2951.5,3505,8421,2,19626.94
inference,218.22,2577.92,2804.68,3231,6928,2,19845.16
inference,217.15,2848.89,3034.72,3569,6695,2,20062.309999999998
inference,218.28,2533.47,2710.53,3157,7898,2,20280.59
inference,217.66,2988.48,3177.3,3492,6208,2,20498.25
inference,217.86,2595.62,2907.19,3530,8275,2,20716.11
inference,218.07,2633.44,2848.91,3233,6279,2,20934.18
inference,217.92,2661.26,2844.98,3478,8071,2,21152.1
inference,217.99,2602.05,2817.09,3170,6824,2,21370.09
inference,217.66,2820.81,3002.81,3510,7119,2,21587.75
inference,218.27,2486.25,2669.79,3088,7392,2,21806.02
inference,218.01,2791.75,2970.71,3537,6583,2,22024.03
inference,218.47,2502.72,2677.26,3099,7890,2,22242.5
inference,217.21,2922.21,3157.77,3545,6330,2,22459.71
inference,218.1,2360.01,2544.25,3219,8448,2,22677.809999999998
inference,218.14,2795.42,3017.43,3273,6813,2,22895.95
inference,217.69,2614.08,2791.11,3454,8064,2,23113.64
inference,218.08,2773.52,2966.85,3274,6417,2,23331.719999999998
inference,217.51,2479.18,2661.01,3227,7745,2,23549.23
inference,216.86,2709.4,2912.03,3537,5172,2,23766.09
inference,218.16,2486.68,2714.58,3048,7728,2,23984.25
inference,217.48,2654.17,2853.03,3426,6724,2,24201.73
inference,218.18,2774.14,2950.95,3218,6116,2,24419.91
inference,217.42,2379.37,2564.49,3174,8108,2,24637.329999999998
inference,218.05,2802.48,3018.14,3472,5137,2,24855.38
inference,218.31,2387.09,2568.93,3028,7539,2,25073.69
inference,218.16,2715.06,2899.67,3369,7100,2,25291.85
inference,218.18,2681.53,2909.96,3529,5427,2,25510.03
inference,218.0,2283.7,2514.74,2803,7737,2,25728.03
inference,218.41,2437.75,2654.81,3292,6491,2,25946.44
inference,217.13,2746.74,2928.36,3482,5160,2,26163.57
inference,218.25,2482.01,2696.16,3038,7733,2,26381.82
inference,218.21,2677.62,2859.34,3387,6919,2,26600.03
inference,218.19,2759.92,2984.34,3529,5508,2,26818.219999999998
inference,218.39,2328.57,2520.62,2949,8130,2,27036.61
inference,218.13,2653.4,3071.47,3681,6301,2,27254.739999999998
inference,218.19,2785.19,2999.88,3511,6171,2,27472.93
inference,217.95,2344.71,2529.57,2946,7764,2,27690.88
inference,217.7,2592.13,2804.7,3482,6176,2,27908.579999999998
inference,218.3,2809.17,2992.22,3280,6481,2,28126.88
inference,217.15,2275.49,2504.63,3191,7778,2,28344.03
inference,217.91,2668.18,2880.86,3492,6047,2,28561.94
inference,217.79,2673.42,3022.4,3379,7274,2,28779.73
inference,218.51,2421.69,2851.29,3606,7778,2,28998.239999999998
inference,217.96,2689.59,2962.11,3606,5464,2,29216.2
inference,217.97,2525.63,3056.71,3597,7433,2,29434.17
inference,217.9,2477.74,4127.81,4970,7758,2,29652.07
inference,217.78,2638.99,3303.35,3990,5447,2,29869.85
inference,218.14,2508.45,2866.97,3090,7953,2,30087.989999999998
inference,218.3,2517.24,2868.55,3541,7628,2,30306.29
inference,217.22,2642.28,3170.39,3803,5543,2,30523.51
inference,218.37,2367.75,2798.11,3201,8006,2,30741.88
inference,218.31,2582.25,2965.72,3733,7400,2,30960.19
inference,217.83,2648.15,3518.47,4219,5863,2,31178.02
inference,220.1,2341.99,2572.59,3026,8410,2,31398.12
inference,218.58,2546.74,2751.05,3349,6715,2,31616.7
inference,217.6,2518.36,2756.76,3419,5307,2,31834.3
inference,218.14,2782.27,2972.73,3415,6742,2,32052.44
inference,218.16,2533.98,2743.24,3177,7225,2,32270.6
inference,217.58,2279.42,2499.46,3171,6766,2,32488.18
inference,218.35,2557.04,2750.9,3302,5814,2,32706.530000000002
inference,217.93,2523.65,2738.77,3350,5317,2,32924.46000000001
inference,217.91,2558.97,2748.37,3359,5447,2,33142.37
inference,218.26,2656.05,2849.14,3404,6503,2,33360.630000000005
inference,218.46,2619.06,2796.82,3191,7161,2,33579.090000000004
inference,217.79,2162.6,2347.57,2966,6665,2,33796.880000000005
inference,219.21,2408.9,4855.87,6929,6392,2,34016.090000000004
inference,218.51,2505.76,5016.46,5734,5465,2,34234.600000000006
inference,218.18,2481.91,2757.24,3442,5414,2,34452.780000000006
inference,218.59,2554.19,2745.51,3257,5482,2,34671.37
inference,217.32,2478.84,2697.69,3391,6478,2,34888.69
inference,218.16,2612.08,3015.28,3736,6649,2,35106.850000000006
inference,219.18,2596.85,3395.78,3983,6537,2,35326.030000000006
inference,217.62,2183.94,2423.06,3014,6415,2,35543.65
inference,219.12,2371.99,2558.23,3263,6727,2,35762.770000000004
inference,218.38,2549.25,3694.18,4597,5481,2,35981.15
inference,218.91,2488.86,2994.25,3517,5582,2,36200.060000000005
inference,218.06,2550.06,2792.53,3384,5523,2,36418.12
inference,218.39,2544.57,2734.19,3366,6118,2,36636.51
inference,218.28,2508.18,2690.9,3321,7102,2,36854.79
inference,218.58,2676.64,2858.99,3198,6684,2,37073.37
inference,217.97,2185.03,2371.46,2904,6666,2,37291.340000000004
inference,218.68,2371.79,2602.36,3302,6767,2,37510.020000000004
inference,218.67,2465.1,2651.25,3274,5712,2,37728.69
inference,218.04,2468.01,2686.05,3298,5602,2,37946.73
inference,218.15,2460.56,2648.92,3259,5692,2,38164.880000000005
inference,217.49,2509.47,2690.69,3306,5964,2,38382.37
inference,218.27,2542.76,2732.23,3299,6685,2,38600.64
inference,218.11,2492.39,2719.83,3352,6652,2,38818.75
inference,218.03,2540.92,2731.36,3137,7088,2,39036.780000000006
inference,217.7,2260.2,2445.18,2995,6687,2,39254.48
inference,218.38,2327.32,2536.22,3279,6702,2,39472.86
inference,218.69,2461.3,2645.0,3283,5770,2,39691.55
inference,218.86,2484.21,2665.6,3244,5702,2,39910.41
inference,219.09,2472.91,2660.41,3286,5707,2,40129.5
inference,218.25,2444.7,2688.31,3308,5783,2,40347.75
inference,218.09,2558.37,2743.99,3338,6612,2,40565.840000000004
inference,218.19,2545.63,2731.97,3332,6708,2,40784.030000000006
inference,218.38,2549.96,2732.65,3311,6733,2,41002.41
inference,218.34,2389.51,2568.59,2995,7107,2,41220.75
inference,217.63,2257.99,2482.65,3088,6737,2,41438.380000000005
inference,218.83,2318.92,2503.5,3258,6447,2,41657.21000000001
inference,219.04,2460.21,2666.8,3269,6037,2,41876.25
inference,218.01,2411.6,2703.0,3463,5816,2,42094.26
inference,218.5,2483.4,2733.32,3336,5871,2,42312.76
inference,218.18,2421.99,2631.69,3236,5950,2,42530.94
inference,217.83,2514.09,2699.29,3278,6183,2,42748.770000000004
inference,218.25,2379.46,2564.85,3271,6762,2,42967.020000000004
inference,218.16,2549.26,2738.77,3305,6790,2,43185.18
inference,218.27,2544.82,2759.39,3340,7178,2,43403.450000000004
inference,218.26,2387.31,2570.71,2969,6808,2,43621.71000000001
inference,217.7,2259.98,2442.84,3032,6831,2,43839.41
inference,218.7,2321.4,2503.85,3269,6817,2,44058.11
inference,219.56,2449.9,2647.8,3261,5944,2,44277.670000000006
inference,219.0,2384.3,2623.16,3274,5930,2,44496.670000000006
inference,218.95,2521.68,2710.81,3307,6046,2,44715.62
inference,218.85,2423.26,2613.02,3276,5983,2,44934.47
inference,218.09,2512.94,2709.78,3274,6324,2,45152.560000000005
inference,218.22,2374.83,2702.57,3423,7203,2,45370.780000000006
inference,218.57,2493.98,2685.35,3262,6956,2,45589.350000000006
inference,219.25,2537.27,2721.63,3325,6831,2,45808.600000000006
inference,219.06,2352.69,2591.32,2972,6892,2,46027.66
inference,217.61,2209.45,2444.83,3038,7372,2,46245.270000000004
inference,219.39,2303.44,2526.37,3291,6603,2,46464.66
inference,219.45,2434.09,2637.69,3254,6363,2,46684.11
inference,219.41,2384.34,2574.59,3236,6065,2,46903.520000000004
inference,218.77,2396.97,2585.88,3259,6085,2,47122.29
inference,218.87,2468.36,2708.83,3290,6116,2,47341.16
inference,217.89,2359.22,2556.51,3268,6387,2,47559.05
inference,218.45,2528.1,2732.24,3278,6994,2,47777.5
inference,218.49,2343.65,2562.19,3272,7237,2,47995.990000000005
inference,218.55,2517.08,2710.68,3272,6984,2,48214.54
inference,218.03,2546.55,2739.44,3156,6950,2,48432.57
inference,218.8,2211.0,2396.01,2971,7045,2,48651.37
inference,218.6,2203.45,2451.02,3234,7052,2,48869.97
inference,220.13,2311.93,2581.25,3275,7146,2,49090.100000000006
inference,220.28,2328.05,2535.73,3219,6174,2,49310.380000000005
inference,219.34,2319.38,2556.68,3237,6215,2,49529.72
inference,218.64,2337.24,2523.59,3197,6269,2,49748.36
inference,219.08,2409.37,2625.99,3209,6271,2,49967.44
inference,218.27,2319.4,2506.18,3221,6450,2,50185.71000000001
inference,218.67,2456.75,2642.69,3215,7504,2,50404.380000000005
inference,218.67,2477.08,2661.57,3229,7056,2,50623.05
inference,218.7,2307.4,2542.02,3256,7079,2,50841.75
inference,218.67,2524.94,2715.2,3110,7110,2,51060.420000000006
inference,218.2,2173.86,2370.91,2974,7486,2,51278.62
inference,218.37,2173.5,2402.26,3027,7149,2,51496.990000000005
inference,219.97,2240.69,2424.82,3173,7107,2,51716.96000000001
tokenizer,216.88,0.52,210.21,148,0,3,0.0
tokenizer,230.04,0.46,128.07,161,0,3,230.03999999999996
tokenizer,235.94,0.37,75.36,119,48,3,465.98
tokenizer,231.42,0.31,96.44,112,0,3,697.4
tokenizer,235.95,79.31,190.16,250,0,3,933.35
model load,216.8,0.53,204.34,148,0,3,1150.15
model load,232.01,0.49,80.62,112,0,3,1382.1599999999999
model load,236.52,0.42,86.97,110,0,3,1618.6799999999998
model load,235.23,0.3,133.18,153,0,3,1853.9099999999999
model load,235.12,7.95,84.3,132,34,3,2089.0299999999997
model load,236.36,1010.66,4276.19,5555,0,3,2325.39
model load,216.86,16213.45,16414.48,18362,51,3,2542.25
model load,217.69,3719.56,4172.35,6459,0,3,2759.94
model load,218.32,4148.51,4720.52,9445,69,3,2978.2599999999998
model load,218.59,3722.36,4235.78,8349,73,3,3196.85
model load,219.56,4139.94,4743.62,9396,110,3,3416.41
model load,217.53,3636.03,4117.6,8036,64,3,3633.94
model load,217.49,4003.43,4603.71,9122,74,3,3851.43
model load,218.5,3624.52,4067.71,8174,83,3,4069.9300000000003
model load,219.03,4173.76,4794.51,9656,69,3,4288.96
model load,219.66,3476.33,3986.88,7835,96,3,4508.62
model load,219.19,4131.26,4740.2,9494,64,3,4727.8099999999995
model load,219.38,3741.95,4301.22,8073,87,3,4947.19
model load,217.84,3759.86,4245.92,8681,87,3,5165.03
model load,218.85,4151.41,4800.54,9330,92,3,5383.88
model load,218.28,3260.81,3675.61,7628,55,3,5602.16
model load,218.44,4110.62,4713.98,9407,73,3,5820.599999999999
model load,219.43,3473.72,3971.66,7615,119,3,6040.03
model load,218.99,4147.88,4694.11,9334,68,3,6259.0199999999995
model load,218.53,2650.22,3396.04,6686,78,3,6477.55
model load,217.67,3163.8,3884.93,9087,50,3,6695.22
model load,217.96,2963.2,3767.08,8639,41,3,6913.18
model load,218.44,3089.58,3826.92,8263,50,3,7131.62
model load,218.99,3142.89,3960.8,9146,41,3,7350.61
model load,217.45,2402.82,3121.95,7064,46,3,7568.0599999999995
model load,219.49,1851.43,2269.16,4360,46,3,7787.55
model load,218.59,3032.67,4103.81,8614,68,3,8006.14
model load,217.28,2422.96,3875.93,10006,14,3,8223.42
model load,218.29,125.83,2232.98,4522,32,3,8441.710000000001
model load,290.0,32.73,1684.76,3121,0,3,8731.710000000001
model load,319.87,274.88,1379.86,2579,10,3,9051.58
model load,218.69,2194.23,3368.15,7376,16,3,9270.27
model load,219.03,2463.51,3189.5,6693,14,3,9489.300000000001
model load,217.84,1464.21,2712.01,5568,27,3,9707.140000000001
model load,218.53,2717.04,3736.94,8191,55,3,9925.67
model load,219.86,3158.33,5078.34,9251,50,3,10145.53
model load,218.58,3167.03,4177.68,9264,91,3,10364.11
model load,218.02,2513.73,3409.56,7563,46,3,10582.130000000001
model load,217.07,2792.17,3720.92,8601,41,3,10799.2
model load,217.19,3158.28,4069.89,9204,51,3,11016.390000000001
model load,217.65,3241.48,4075.75,9235,41,3,11234.04
model load,217.79,2245.97,4483.8,9105,28,3,11451.830000000002
model load,306.7,73.31,1645.22,2335,37,3,11758.53
model load,225.67,3024.62,3796.93,8282,39,3,11984.2
model load,217.01,165.49,1659.48,2682,18,3,12201.210000000001
model load,219.8,1907.32,2875.4,6497,37,3,12421.01
model load,218.61,3270.17,4053.68,8975,23,3,12639.62
model load,218.19,2764.9,3729.26,8639,14,3,12857.810000000001
model load,217.55,3066.45,3918.82,6913,50,3,13075.36
model load,219.93,3363.67,3800.61,4679,32,3,13295.29
model load,217.38,335.35,590.18,768,114,3,13512.67
pipeline load,216.63,0.74,229.74,291,0,3,13729.300000000001
pipeline load,220.6,1.07,206.71,150,0,3,13949.900000000001
pipeline load,237.17,0.34,77.89,122,0,3,14187.070000000002
pipeline load,235.34,0.27,88.11,110,0,3,14422.410000000002
inference,218.07,1144.15,1373.25,1830,18,3,14640.480000000001
inference,217.57,1035.64,1270.14,1710,41,3,14858.050000000001
inference,217.9,1190.47,1375.28,1827,0,3,15075.95
inference,217.52,1078.96,1263.37,1692,243,3,15293.470000000001
inference,218.31,1162.12,1440.7,1901,0,3,15511.78
inference,217.69,1172.07,1431.12,1939,224,3,15729.470000000001
inference,217.4,1408.73,1824.86,2309,763,3,15946.87
inference,217.79,1146.26,1501.96,2016,2442,3,16164.660000000002
inference,218.33,1066.9,1344.78,1754,652,3,16382.99
inference,219.04,1433.3,3318.09,4186,0,3,16602.03
inference,218.79,2567.93,3015.72,4529,3260,3,16820.82
inference,217.79,2786.5,2983.58,3820,4077,3,17038.61
inference,218.2,2748.58,2976.75,3373,6217,3,17256.809999999998
inference,217.4,2852.34,3035.42,3385,7149,3,17474.21
inference,217.67,2807.72,2991.14,3583,8372,3,17691.879999999997
inference,218.16,2650.56,2831.17,3277,7144,3,17910.039999999997
inference,218.16,2759.29,2938.59,3374,6821,3,18128.2
inference,217.95,2806.62,3038.27,3629,8187,3,18346.149999999998
inference,218.59,2583.5,2763.38,3253,7759,3,18564.739999999998
inference,218.18,2785.63,3021.37,3382,6926,3,18782.92
inference,217.49,2865.03,3050.58,3591,7819,3,19000.41
inference,218.19,2491.12,2690.14,3167,7720,3,19218.6
inference,217.95,2898.33,3080.66,3359,6352,3,19436.55
inference,217.49,2591.47,2812.88,3462,8314,3,19654.039999999997
inference,218.2,2635.66,2815.88,3217,6382,3,19872.239999999998
inference,217.76,2782.24,2979.77,3536,7699,3,20090.0
inference,218.22,2663.45,2853.13,3203,7104,3,20308.219999999998
inference,217.48,2884.7,3067.14,3582,6691,3,20525.7
inference,218.42,2434.1,2673.04,3145,7702,3,20744.12
inference,217.03,2571.14,2785.78,3377,6281,3,20961.149999999998
inference,218.42,2577.16,2767.43,3113,7561,3,21179.57
inference,217.02,2866.33,3052.95,3566,6405,3,21396.59
inference,218.84,2501.23,2685.71,3116,8515,3,21615.43
inference,218.42,2809.31,3026.1,3392,6288,3,21833.85
inference,217.63,2498.77,2710.72,3400,8360,3,22051.48
inference,218.31,2682.74,2878.22,3252,6465,3,22269.789999999997
inference,217.51,2823.17,3196.59,3779,8071,3,22487.3
inference,218.32,2538.01,2765.33,3183,6850,3,22705.62
inference,217.52,2730.06,2921.34,3457,7498,3,22923.14
inference,218.07,2673.67,2858.86,3169,6671,3,23141.21
inference,218.03,2503.47,2694.69,3353,7681,3,23359.239999999998
inference,217.9,2769.42,2960.76,3474,5270,3,23577.14
inference,218.32,2388.34,2638.11,3014,7728,3,23795.46
inference,217.43,2736.54,2920.01,3399,6358,3,24012.89
inference,218.2,2650.34,2876.71,3222,6756,3,24231.09
inference,217.54,2331.96,2558.42,3126,7732,3,24448.629999999997
inference,218.42,2716.57,2927.38,3443,5043,3,24667.05
inference,218.21,2547.25,2731.2,3070,7115,3,24885.26
inference,217.23,2626.7,2806.03,3411,7598,3,25102.489999999998
inference,217.07,2746.54,2925.22,3483,4981,3,25319.559999999998
inference,218.1,2449.49,2634.17,2985,7749,3,25537.66
inference,217.86,2664.92,2905.0,3429,7015,3,25755.52
inference,218.02,2726.76,2905.47,3504,5894,3,25973.539999999997
inference,218.1,2377.0,2594.94,3003,7678,3,26191.64
inference,217.87,2639.73,2828.58,3415,6424,3,26409.51
inference,218.25,2773.66,2975.43,3473,6040,3,26627.76
inference,217.9,2332.26,2519.06,2960,7615,3,26845.66
inference,217.62,2659.29,2837.93,3405,6352,3,27063.28
inference,218.1,2836.29,3072.22,3448,6626,3,27281.379999999997
inference,218.27,2276.19,2454.93,3037,7744,3,27499.649999999998
inference,217.8,2651.09,2873.13,3485,5860,3,27717.45
inference,218.34,2673.77,2910.0,3325,6910,3,27935.789999999997
inference,217.35,2372.96,2559.44,3230,7772,3,28153.14
inference,217.8,2746.8,2932.28,3471,5710,3,28370.94
inference,218.14,2597.48,2853.93,3241,7162,3,28589.079999999998
inference,217.41,2453.7,2741.54,3431,8201,3,28806.489999999998
inference,217.38,2643.47,2826.68,3464,5262,3,29023.87
inference,218.33,2491.9,2671.84,2995,7821,3,29242.2
inference,218.24,2562.63,2743.7,3423,7621,3,29460.44
inference,217.58,2826.51,3040.46,3562,5553,3,29678.02
inference,218.13,2235.41,2421.42,2907,8061,3,29896.149999999998
inference,218.11,2570.85,2751.04,3411,7202,3,30114.26
inference,217.82,2800.01,3045.59,3535,6460,3,30332.079999999998
inference,217.7,2270.95,2526.43,3124,8080,3,30549.78
inference,217.29,2586.72,2795.86,3438,6472,3,30767.07
inference,217.91,2712.3,2900.8,3189,7004,3,30984.98
inference,217.43,2285.0,2504.43,3146,8100,3,31202.41
inference,217.59,2492.54,2670.64,3323,6057,3,31420.0
inference,217.81,2646.04,2925.13,3434,5354,3,31637.809999999998
inference,218.55,2585.93,2892.04,3436,6859,3,31856.36
inference,218.45,2644.47,2831.96,3227,6822,3,32074.809999999998
inference,217.65,2162.37,2352.13,3000,6798,3,32292.46
inference,218.15,2614.73,2801.21,3369,6216,3,32510.61
inference,217.37,2548.78,2761.44,3372,5340,3,32727.98
inference,217.68,2500.86,2691.46,3358,5465,3,32945.66
inference,218.13,2647.05,2833.63,3356,6202,3,33163.79
inference,217.41,2589.7,2783.57,3362,7166,3,33381.200000000004
inference,218.59,2325.66,2506.58,2887,6688,3,33599.79
inference,217.79,2373.56,2609.41,3292,6720,3,33817.58
inference,218.44,2430.34,2619.77,3278,5634,3,34036.020000000004
inference,218.09,2542.15,2734.11,3292,5425,3,34254.11
inference,217.44,2555.54,2741.34,3316,5493,3,34471.55
inference,218.1,2502.04,2723.5,3379,6908,3,34689.65
inference,218.15,2669.49,2860.04,3383,6777,3,34907.8
inference,218.06,2361.17,2537.4,2912,6702,3,35125.86
inference,217.56,2301.88,2478.15,3153,6727,3,35343.420000000006
inference,218.33,2549.27,2727.44,3307,5833,3,35561.75
inference,217.52,2492.41,2723.8,3319,5515,3,35779.270000000004
inference,217.93,2504.71,2684.2,3327,5646,3,35997.200000000004
inference,217.4,2515.81,2695.0,3339,6121,3,36214.600000000006
inference,218.29,2672.15,2852.47,3358,6762,3,36432.89
inference,218.24,2516.49,2726.73,3354,6743,3,36651.130000000005
inference,217.8,2397.16,2576.41,2911,6763,3,36868.93
inference,217.52,2292.59,2471.28,3144,6772,3,37086.450000000004
inference,218.4,2451.58,2679.15,3251,5986,3,37304.850000000006
inference,216.93,2281.11,2616.03,3301,5636,3,37521.780000000006
inference,217.76,2399.68,2636.16,3329,5661,3,37739.54
inference,218.29,2559.23,2740.44,3257,5731,3,37957.83
inference,217.29,2525.17,2741.25,3350,5960,3,38175.12
inference,217.99,2529.12,2707.01,3303,6751,3,38393.11
inference,217.88,2537.16,2717.49,3314,6688,3,38610.990000000005
inference,218.11,2539.51,2747.9,3191,6701,3,38829.100000000006
inference,217.58,2245.96,2422.25,2969,6685,3,39046.68
inference,217.87,2340.91,2561.57,3241,7183,3,39264.55
inference,218.8,2403.97,2582.72,3272,5866,3,39483.350000000006
inference,218.76,2492.98,2673.66,3273,5722,3,39702.11
inference,217.88,2531.39,2717.56,3300,5741,3,39919.990000000005
inference,217.94,2472.09,2648.07,3322,5792,3,40137.93
inference,217.59,2519.65,2753.27,3323,6025,3,40355.520000000004
inference,217.84,2563.87,2739.48,3323,7197,3,40573.36
inference,217.95,2558.24,2746.91,3326,6743,3,40791.310000000005
inference,217.87,2548.46,2725.65,3185,6758,3,41009.18
inference,217.74,2233.26,2454.65,3017,6779,3,41226.920000000006
inference,217.68,2245.32,2427.25,3101,6880,3,41444.600000000006
inference,218.69,2467.17,2670.82,3302,6363,3,41663.29
inference,218.19,2420.59,2601.04,3254,5922,3,41881.48
inference,218.07,2418.27,2599.52,3242,5880,3,42099.55
inference,218.33,2503.15,2711.06,3284,5897,3,42317.880000000005
inference,217.65,2452.33,2634.96,3267,6041,3,42535.530000000006
inference,218.57,2552.49,2729.49,3326,6708,3,42754.100000000006
inference,218.27,2587.37,2770.66,3363,6849,3,42972.37
inference,218.03,2527.95,2752.49,3334,7257,3,43190.4
inference,217.88,2423.07,2595.79,3052,6871,3,43408.280000000006
inference,217.16,2251.87,2432.41,3002,6852,3,43625.44
inference,218.03,2308.71,2506.89,3201,6930,3,43843.47
inference,219.05,2301.31,2485.12,3136,6173,3,44062.520000000004
inference,218.41,2412.37,2620.49,3292,5976,3,44280.93
inference,217.95,2414.32,2594.91,3225,6076,3,44498.880000000005
inference,218.38,2499.6,2733.18,3324,6029,3,44717.26
inference,218.64,2382.36,2565.93,3224,6113,3,44935.9
inference,217.89,2505.23,2713.16,3309,6380,3,45153.79
inference,218.38,2369.15,2558.93,3210,6990,3,45372.170000000006
inference,218.92,2517.34,2699.93,3257,7139,3,45591.090000000004
inference,218.51,2496.29,2688.73,3277,6865,3,45809.600000000006
inference,218.7,2354.15,2535.59,2972,6915,3,46028.3
inference,217.85,2233.98,2465.92,3053,6964,3,46246.15
inference,218.54,2298.43,2482.32,3180,7455,3,46464.69
inference,219.61,2383.69,2600.12,3315,6122,3,46684.3
inference,218.72,2439.27,2715.75,3297,6161,3,46903.020000000004
inference,218.13,2381.01,2609.32,3292,6186,3,47121.15
inference,218.87,2363.98,2605.67,3276,6166,3,47340.020000000004
inference,217.85,2425.85,2610.39,3241,6492,3,47557.87
inference,218.3,2511.0,2700.56,3262,7009,3,47776.170000000006
inference,218.24,2353.62,2535.17,3244,6990,3,47994.41
inference,218.5,2474.76,2718.89,3313,7020,3,48212.91
inference,218.44,2489.11,2672.42,3145,7556,3,48431.350000000006
inference,218.69,2250.54,2435.07,2954,7027,3,48650.04
inference,218.35,2184.21,2372.72,3055,7133,3,48868.39
inference,219.49,2323.4,2497.3,3176,6824,3,49087.880000000005
inference,219.8,2300.29,2521.31,3208,6223,3,49307.68
inference,218.55,2325.06,2515.98,3162,6315,3,49526.23
inference,219.02,2454.6,2642.65,3228,6282,3,49745.25
inference,218.57,2325.8,2512.66,3157,6301,3,49963.82
inference,217.7,2315.23,2856.36,3284,6867,3,50181.520000000004
inference,218.21,2518.0,3839.68,4734,7129,3,50399.73
inference,218.71,2359.32,2550.88,3246,7048,3,50618.44
inference,218.33,2491.8,2690.6,3252,7078,3,50836.770000000004
inference,218.73,2389.73,3033.06,4211,7113,3,51055.5
inference,219.41,2429.31,3027.73,3605,7443,3,51274.91
inference,217.94,2184.74,2373.21,2964,7005,3,51492.850000000006
tokenizer,216.63,0.65,186.4,129,0,4,0.0
tokenizer,234.21,0.5,115.64,141,0,4,234.21000000000004
tokenizer,239.94,0.31,77.5,113,34,4,474.15
tokenizer,231.54,0.33,93.02,125,0,4,705.6899999999999
tokenizer,234.8,88.13,194.37,230,0,4,940.4899999999999
tokenizer,230.59,202.53,314.53,538,0,4,1171.08
model load,216.63,0.53,194.85,138,0,4,1387.71
model load,236.88,0.38,98.63,144,0,4,1624.5900000000001
model load,233.22,0.36,113.19,120,30,4,1857.81
model load,235.15,0.38,79.41,115,0,4,2092.96
model load,233.62,7.86,132.87,158,0,4,2326.58
model load,237.49,116.38,177.91,619,26,4,2564.0699999999997
model load,220.6,313.37,15624.24,17928,0,4,2784.67
model load,217.91,8368.32,8797.24,10936,0,4,3002.58
model load,217.22,3423.38,3885.49,7753,32,4,3219.7999999999997
model load,218.24,3635.74,4149.28,7771,83,4,3438.04
model load,218.42,4125.79,4724.48,9596,73,4,3656.46
model load,217.96,4045.36,4583.7,9126,96,4,3874.42
model load,217.66,3776.89,4262.15,8784,64,4,4092.08
model load,219.45,3772.38,4333.92,8435,60,4,4311.53
model load,217.47,3791.49,4373.14,8944,105,4,4529.0
model load,217.88,4198.47,4698.46,9675,74,4,4746.88
model load,218.32,3591.52,4071.31,7691,64,4,4965.2
model load,217.62,4045.17,4653.18,9475,73,4,5182.82
model load,217.88,3218.63,3688.04,7270,124,4,5400.7
model load,219.24,4199.11,4762.92,9574,73,4,5619.94
model load,218.49,3536.0,4054.65,7950,87,4,5838.43
model load,218.17,4053.98,4605.56,9250,69,4,6056.599999999999
model load,217.1,3565.48,4120.51,8052,96,4,6273.7
model load,217.49,4084.42,4627.49,9688,111,4,6491.19
model load,219.39,3270.41,3863.21,7671,74,4,6710.58
model load,218.68,3184.63,3981.42,9503,77,4,6929.26
model load,217.03,3142.87,4023.04,9367,14,4,7146.29
model load,218.15,3232.28,3979.33,8806,65,4,7364.44
model load,219.01,2996.63,3726.76,8794,50,4,7583.45
model load,217.92,2802.73,3600.47,7921,32,4,7801.37
model load,216.74,1782.67,2282.81,4434,28,4,8018.11
model load,216.81,3027.83,4045.78,8722,55,4,8234.92
model load,217.05,2362.58,3842.43,9210,0,4,8451.970000000001
model load,218.24,1383.52,3156.78,7221,51,4,8670.210000000001
model load,255.11,28.28,3770.8,6672,27,4,8925.320000000002
model load,630.1,1640.37,1041.22,2254,43,4,9555.42
model load,217.15,2974.79,3722.8,8321,5,4,9772.570000000002
model load,217.63,643.37,2278.73,4200,32,4,9990.2
model load,218.6,2689.78,5589.52,10361,0,4,10208.800000000001
model load,216.83,3230.59,4005.3,9745,91,4,10425.630000000001
model load,217.73,3200.35,4082.89,9645,14,4,10643.36
model load,219.38,3099.27,3850.24,8483,37,4,10862.740000000002
model load,216.77,2562.5,3407.28,7976,32,4,11079.51
model load,218.18,3192.92,4082.13,8983,32,4,11297.69
model load,217.6,4794.93,5384.3,7808,82,4,11515.29
model load,217.52,61.89,1966.29,3646,101,4,11732.810000000001
model load,306.42,154.95,1378.2,2056,32,4,12039.230000000001
model load,217.82,4131.2,4566.18,5977,16,4,12257.050000000001
model load,218.42,2410.34,3496.23,7801,101,4,12475.470000000001
model load,231.67,728.39,2076.94,3893,23,4,12707.140000000001
model load,219.21,3253.43,4032.79,9544,56,4,12926.35
model load,217.96,2827.07,3928.46,8914,14,4,13144.310000000001
model load,217.83,477.86,901.05,1180,87,4,13362.140000000001
pipeline load,216.61,0.64,210.93,166,0,4,13578.750000000002
pipeline load,236.99,0.59,153.54,338,0,4,13815.740000000002
pipeline load,230.52,0.65,203.91,247,55,4,14046.26
pipeline load,235.93,0.36,275.46,309,0,4,14282.19
inference,217.97,1036.26,1226.25,1633,0,4,14500.160000000002
inference,217.83,1134.08,1313.94,1754,0,4,14717.990000000002
inference,217.45,1168.61,1963.71,1858,0,4,14935.44
inference,217.47,1090.18,1355.97,1775,248,4,15152.910000000002
inference,217.7,1147.88,1335.5,1856,78,4,15370.61
inference,217.46,1118.52,1386.5,1849,243,4,15588.070000000002
inference,217.54,1255.12,1497.1,1944,0,4,15805.61
inference,217.42,1250.05,1432.68,1950,703,4,16023.03
inference,217.96,1116.28,1839.64,2386,1039,4,16240.99
inference,217.6,1325.27,1636.87,2073,32,4,16458.59
inference,217.11,1123.31,1276.95,1902,855,4,16675.7
inference,218.29,962.15,1154.85,1498,654,4,16893.989999999998
inference,218.36,1166.95,1417.27,1946,0,4,17112.35
inference,217.56,1537.41,1777.4,2381,1658,4,17329.91
inference,216.85,1393.52,1576.48,2301,1848,4,17546.76
inference,217.86,2295.25,2678.74,3943,793,4,17764.62
inference,217.46,2491.71,2684.86,3320,3020,4,17982.079999999998
inference,218.27,2734.45,2914.81,3322,5744,4,18200.35
inference,217.19,2863.29,3049.46,3393,7138,4,18417.54
inference,217.56,2797.8,3059.51,3673,8481,4,18635.1
inference,218.2,2641.42,2821.89,3281,7216,4,18853.3
inference,218.15,2704.09,2888.39,3310,6856,4,19071.45
inference,218.18,2788.64,2972.91,3593,8187,4,19289.629999999997
inference,218.38,2610.56,2792.17,3215,7228,4,19508.01
inference,218.14,2733.05,2956.11,3356,6883,4,19726.149999999998
inference,217.49,2779.58,2972.56,3536,8348,4,19943.64
inference,218.16,2604.54,2832.33,3218,7440,4,20161.8
inference,216.98,2826.98,3009.81,3535,6335,4,20378.78
inference,218.17,2511.02,2696.52,3144,8171,4,20596.95
inference,218.01,2793.56,2988.51,3325,6211,4,20814.96
inference,217.67,2671.78,2860.47,3459,8266,4,21032.629999999997
inference,218.15,2616.05,2886.7,3411,6248,4,21250.78
inference,217.46,2820.08,3024.25,3642,7742,4,21468.239999999998
inference,218.28,2489.49,3354.53,3349,7132,4,21686.52
inference,217.57,2683.78,2991.01,3603,6771,4,21904.09
inference,219.19,2582.91,2763.96,3112,7188,4,22123.28
inference,217.56,2843.36,3038.94,3553,6889,4,22340.84
inference,218.66,2467.17,2737.68,3361,7570,4,22559.5
inference,216.81,2888.55,3649.07,4170,6526,4,22776.309999999998
inference,217.68,2473.82,2906.17,3762,8547,4,22993.989999999998
inference,219.67,2615.06,4136.89,5244,6307,4,23213.66
inference,218.24,2474.57,2938.12,3574,7989,4,23431.899999999998
inference,217.63,2697.36,3219.75,3988,6603,4,23649.53
inference,218.01,2440.17,2879.54,3491,7949,4,23867.54
inference,217.77,2345.28,4947.75,6571,7027,4,24085.309999999998
inference,217.54,2676.01,3316.91,4050,5253,4,24302.85
inference,217.78,2506.51,2886.84,3605,7401,4,24520.629999999997
inference,217.9,2452.85,3177.22,3924,7255,4,24738.53
inference,216.78,2649.78,3009.33,3667,5654,4,24955.309999999998
inference,218.15,2473.16,2770.77,3177,7399,4,25173.46
inference,217.89,2626.46,2848.14,3649,7380,4,25391.35
inference,218.93,2435.42,4209.73,5746,5549,4,25610.28
inference,218.71,2514.42,3835.41,4943,7441,4,25828.989999999998
inference,219.14,2313.75,3781.28,4837,7444,4,26048.129999999997
inference,217.71,2531.8,3614.05,4598,6357,4,26265.84
inference,216.97,2515.55,3725.29,4802,5585,4,26482.809999999998
inference,218.06,2665.06,3330.51,3898,7545,4,26700.87
inference,217.58,2419.65,2792.84,3530,7984,4,26918.45
inference,217.52,2547.09,6432.7,7815,5143,4,27135.969999999998
inference,217.85,2689.13,2872.76,3470,6441,4,27353.82
inference,218.17,2358.95,3408.54,5092,7615,4,27571.989999999998
inference,218.68,2560.23,3532.42,4811,6555,4,27790.67
inference,218.06,2199.27,2462.5,3004,5807,4,28008.73
inference,218.64,2660.62,2889.48,3412,5164,4,28227.37
inference,218.12,2171.92,3948.94,5580,7762,4,28445.489999999998
inference,217.43,2517.3,11237.32,9870,6955,4,28662.92
inference,218.0,2480.09,7599.2,10775,5551,4,28880.92
inference,219.67,2517.75,8498.46,12637,6307,4,29100.59
inference,220.43,2402.09,8102.73,12331,6974,4,29321.02
inference,221.29,2364.41,9416.7,12929,6986,4,29542.309999999998
inference,220.86,2182.55,8354.18,11976,6073,4,29763.17
inference,218.39,2511.34,8159.95,12565,5945,4,29981.559999999998
inference,218.82,2467.63,6798.01,10328,5504,4,30200.379999999997
inference,219.74,2375.2,5466.12,7618,7234,4,30420.12
inference,221.19,2544.72,3517.5,3992,8724,4,30641.309999999998
inference,218.31,2485.14,3160.55,4159,7672,4,30859.62
inference,218.41,2518.54,4887.5,6584,5446,4,31078.03
inference,219.9,2286.49,4236.63,5825,7820,4,31297.93
inference,220.11,2493.12,4281.13,5506,7822,4,31518.04
inference,218.51,2276.78,4243.95,5766,7346,4,31736.55
inference,218.8,2426.24,4285.39,5539,6274,4,31955.35
inference,218.29,2489.81,5267.91,6761,5800,4,32173.64
inference,219.06,2615.55,4472.79,5309,7751,4,32392.7
inference,219.18,2162.05,3956.14,5470,7920,4,32611.88
inference,218.9,2381.65,4357.74,5980,6725,4,32830.780000000006
inference,219.27,2439.42,4471.6,6275,6706,4,33050.05
inference,219.11,2269.96,4693.34,6275,6298,4,33269.16
inference,219.6,2537.57,3829.72,4845,7006,4,33488.76
inference,219.27,2377.86,4533.27,5947,6498,4,33708.030000000006
inference,220.05,2363.56,3827.5,4885,7000,4,33928.08
inference,219.33,2684.55,2981.37,3497,6953,4,34147.41
inference,218.71,2192.64,2418.22,3059,6625,4,34366.12
inference,218.9,2437.15,2652.27,3426,6570,4,34585.020000000004
inference,218.31,2525.54,3682.7,4517,5350,4,34803.33
inference,218.06,2242.19,4595.41,6590,5598,4,35021.39
inference,218.67,2384.43,3148.67,3841,7282,4,35240.060000000005
inference,218.47,2424.61,2668.73,3415,5625,4,35458.530000000006
inference,218.37,2612.18,2858.95,3444,6156,4,35676.9
inference,218.43,2535.6,2921.02,3777,6654,4,35895.33
inference,219.01,2423.31,4160.52,5552,7032,4,36114.340000000004
inference,220.16,2297.24,3407.0,4533,6109,4,36334.5
inference,218.95,2403.18,4112.94,3910,7490,4,36553.450000000004
inference,218.46,2206.61,2491.57,3374,6371,4,36771.91
inference,219.09,2479.57,2725.53,3419,5887,4,36991.0
inference,218.29,2224.36,3270.94,4645,5486,4,37209.29
inference,217.76,2450.07,3319.54,4289,5374,4,37427.05
inference,218.46,2177.03,4064.79,5443,5722,4,37645.51
inference,217.79,2408.27,4453.69,5689,7122,4,37863.3
inference,218.57,2405.13,3173.17,4250,6359,4,38081.87
inference,219.01,2479.46,2745.44,3571,5659,4,38300.880000000005
inference,218.66,2506.04,2740.34,3485,5580,4,38519.54
inference,218.48,2559.8,2937.92,3735,6577,4,38738.020000000004
inference,218.56,2522.8,2885.04,3807,6595,4,38956.58
inference,219.67,2515.87,2839.76,3564,6442,4,39176.25
inference,218.44,2401.14,2726.97,3365,6874,4,39394.69
inference,217.84,2232.33,2675.65,3622,6556,4,39612.530000000006
inference,218.98,2412.72,2769.18,3521,6275,4,39831.51
inference,218.51,2382.31,3700.58,5130,5690,4,40050.020000000004
inference,218.74,2416.42,3668.52,4485,5853,4,40268.76
inference,218.73,2501.42,2727.35,3360,5710,4,40487.490000000005
inference,218.62,2411.45,2608.82,3357,5683,4,40706.11
inference,218.12,2591.45,2783.12,3338,5809,4,40924.23
inference,218.65,2545.98,2809.22,3448,6652,4,41142.880000000005
inference,218.69,2577.51,2771.83,3402,7157,4,41361.57
inference,218.83,2526.56,2719.9,3249,6639,4,41580.4
inference,218.68,2270.72,2500.02,3059,6672,4,41799.08
inference,218.22,2254.54,2448.17,3221,6754,4,42017.3
inference,219.03,2420.0,2635.17,3347,6255,4,42236.33
inference,218.62,2555.14,3936.82,4972,5789,4,42454.950000000004
inference,219.19,2470.26,2711.46,3394,5805,4,42674.14
inference,219.04,2423.73,2633.74,3378,5817,4,42893.18
inference,218.55,2498.05,2945.84,3766,5821,4,43111.73
inference,218.57,2455.19,2672.31,3459,6575,4,43330.3
inference,218.82,2567.28,2764.55,3391,6698,4,43549.12
inference,218.71,2525.42,2755.44,3393,6727,4,43767.83
inference,218.63,2548.38,2746.65,3165,7142,4,43986.46000000001
inference,217.6,2304.12,5168.12,6305,6852,4,44204.060000000005
inference,218.11,2250.02,2451.78,3173,6425,4,44422.170000000006
inference,219.52,2412.58,2615.6,3298,6593,4,44641.69
inference,219.13,2502.14,2701.99,3340,5890,4,44860.82
inference,218.69,2390.67,2604.81,3370,5910,4,45079.51
inference,219.52,2446.56,2722.39,3435,5940,4,45299.030000000006
inference,219.49,2430.32,2632.78,3362,5967,4,45518.520000000004
inference,219.36,2542.37,2763.32,3378,6574,4,45737.880000000005
inference,219.25,2527.44,2721.86,3320,6815,4,45957.130000000005
inference,219.03,2562.33,2793.2,3410,6855,4,46176.16
inference,219.13,2536.31,2731.33,3213,7255,4,46395.29
inference,218.86,2297.88,2491.84,3052,6864,4,46614.15
inference,218.46,2233.44,2430.46,3140,6872,4,46832.61
inference,219.45,2384.73,2572.99,3304,6656,4,47052.060000000005
inference,219.81,2454.79,2692.89,3312,6015,4,47271.87
inference,219.05,2422.66,2620.45,3305,6037,4,47490.920000000006
inference,219.48,2429.12,2627.95,3290,6053,4,47710.4
inference,219.17,2372.93,2576.04,3285,6064,4,47929.57
inference,218.99,2497.18,2733.14,3365,6757,4,48148.560000000005
inference,219.56,2505.58,2712.73,3311,6863,4,48368.12
inference,218.98,2536.86,2731.27,3347,7383,4,48587.100000000006
inference,219.22,2526.01,2721.86,3161,6932,4,48806.32
inference,218.89,2228.17,2421.62,3015,6920,4,49025.21000000001
inference,218.57,2218.14,2459.1,3166,7438,4,49243.780000000006
inference,220.21,2376.7,2558.47,3238,6625,4,49463.990000000005
inference,219.73,2388.57,2614.93,3350,6130,4,49683.72
inference,218.82,2376.41,2578.28,3268,6180,4,49902.54
inference,219.84,2468.72,2667.88,3275,6192,4,50122.380000000005
inference,218.86,2124.54,2468.2,3148,6191,4,50341.240000000005
inference,219.55,2361.24,2562.73,3288,6209,4,50560.79
inference,218.45,2447.16,2682.06,3314,6436,4,50779.240000000005
inference,219.07,2503.47,2703.03,3296,7036,4,50998.310000000005
inference,219.4,2460.35,2668.11,3341,7039,4,51217.71000000001
inference,219.34,2331.11,2525.44,3273,7470,4,51437.05
inference,219.37,2455.44,2675.53,3041,7103,4,51656.420000000006
inference,218.51,2216.69,2417.09,3007,7038,4,51874.93
inference,218.7,2210.79,2408.74,3169,7624,4,52093.630000000005
inference,219.76,2371.05,2558.09,3245,6594,4,52313.39
inference,219.97,2394.72,2598.27,3223,6289,4,52533.36
inference,219.26,2243.07,2484.51,3261,6296,4,52752.62
inference,219.7,2411.04,2616.57,3213,6353,4,52972.32
inference,219.21,2327.52,2525.48,3170,6336,4,53191.530000000006
inference,218.47,2304.4,2499.61,3209,6925,4,53410.0
inference,219.09,2462.95,2685.4,3273,7090,4,53629.090000000004
tokenizer,215.72,0.63,174.05,125,0,5,0.0
tokenizer,235.12,0.56,75.96,94,0,5,235.12000000000003
tokenizer,229.12,0.29,76.67,96,0,5,464.24
tokenizer,232.36,0.27,126.98,189,0,5,696.6
tokenizer,233.49,104.27,190.98,360,30,5,930.0899999999999
model load,216.71,0.65,221.64,162,0,5,1146.8
model load,235.43,0.4,118.33,144,0,5,1382.23
model load,238.11,0.28,73.64,122,8,5,1620.34
model load,233.38,0.33,94.54,107,0,5,1853.72
model load,233.21,7.61,105.77,120,0,5,2086.9300000000003
model load,239.19,664.06,6950.95,8771,0,5,2326.1200000000003
model load,218.71,14176.75,14384.11,15678,46,5,2544.8300000000004
model load,216.59,3598.41,4136.04,7623,0,5,2761.42
model load,218.06,4089.35,4637.35,9222,65,5,2979.4800000000005
model load,218.76,3547.36,4424.64,8169,92,5,3198.2400000000002
model load,218.44,4121.18,5066.68,9810,78,5,3416.6800000000003
model load,218.41,3490.5,3977.18,7875,165,5,3635.09
model load,216.98,4140.96,4745.73,9770,87,5,3852.07
model load,218.32,3605.02,4086.55,7997,88,5,4070.39
model load,218.27,4117.82,4751.89,9374,60,5,4288.66
model load,219.15,3663.54,4152.95,7944,105,5,4507.8099999999995
model load,217.79,4134.67,4731.96,9385,68,5,4725.599999999999
model load,217.19,3544.9,4074.06,7993,115,5,4942.79
model load,218.08,4031.28,4522.1,9680,55,5,5160.87
model load,218.09,3894.71,4429.54,8643,78,5,5378.96
model load,217.43,3839.75,4391.71,8555,69,5,5596.389999999999
model load,218.2,4132.13,4721.9,9294,74,5,5814.59
model load,218.68,3068.46,3535.2,6919,105,5,6033.2699999999995
model load,218.71,4017.32,4597.15,9049,50,5,6251.98
model load,217.93,2971.13,3666.42,7970,73,5,6469.91
model load,218.11,3109.11,3907.92,9023,46,5,6688.0199999999995
model load,216.93,2968.07,3730.21,8814,32,5,6904.95
model load,217.17,3152.57,3870.02,9306,60,5,7122.12
model load,218.55,3015.88,3802.73,8044,51,5,7340.67
model load,217.67,2651.32,3302.4,7805,64,5,7558.34
model load,217.97,2291.2,2777.96,5262,41,5,7776.3099999999995
model load,217.47,3120.94,4042.5,9284,32,5,7993.78
model load,217.28,2842.17,3971.54,8938,14,5,8211.060000000001
model load,219.64,2473.4,3986.3,9320,83,5,8430.7
model load,217.52,857.47,2774.5,5425,18,5,8648.220000000001
model load,276.45,3.87,1884.3,3559,14,5,8924.67
model load,398.84,9.2,1246.55,1735,22,5,9323.51
model load,264.53,130.82,1333.25,3123,0,5,9588.04
model load,330.71,1454.37,2328.05,4100,0,5,9918.75
model load,217.31,2943.65,3656.77,8854,51,5,10136.060000000001
model load,217.63,3073.43,3801.61,8951,9,5,10353.69
model load,217.67,3059.18,3924.32,8472,55,5,10571.36
model load,217.95,2379.43,3161.43,7071,14,5,10789.310000000001
model load,218.36,3212.55,4044.91,9178,87,5,11007.67
model load,217.85,3227.86,4194.04,10167,23,5,11225.52
model load,217.55,2751.47,4011.7,9750,60,5,11443.070000000002
model load,309.5,944.98,2114.18,3822,37,5,11752.570000000002
model load,217.84,3170.79,4125.46,9145,19,5,11970.41
model load,217.57,243.06,2095.69,3424,23,5,12187.980000000001
model load,278.94,2018.73,2644.98,6155,55,5,12466.92
model load,243.44,3198.35,3700.46,8548,25,5,12710.36
model load,217.78,3054.53,3755.44,9303,29,5,12928.140000000001
model load,218.16,3229.21,3988.79,9204,64,5,13146.300000000001
model load,218.34,1914.48,3056.53,6481,18,5,13364.640000000001
model load,219.11,2847.55,3143.4,3514,73,5,13583.75
model load,219.03,155.63,440.13,644,64,5,13802.78
pipeline load,216.38,0.6,278.69,176,0,5,14019.16
pipeline load,238.07,0.67,99.04,147,0,5,14257.230000000001
pipeline load,235.14,0.35,88.46,119,13,5,14492.37
pipeline load,234.39,0.32,106.38,132,0,5,14726.76
inference,217.81,1039.55,1230.01,1699,0,5,14944.570000000002
inference,217.68,1135.39,1351.89,1787,0,5,15162.25
inference,217.63,1192.43,1373.64,1824,32,5,15379.880000000001
inference,217.44,1051.35,1235.73,1697,230,5,15597.320000000002
inference,218.06,1188.65,1498.56,1986,0,5,15815.380000000001
inference,217.92,1151.75,1350.78,1849,261,5,16033.300000000001
inference,218.18,1510.86,2052.64,2512,679,5,16251.480000000001
inference,217.65,1027.44,1220.4,1654,2411,5,16469.129999999997
inference,217.49,1180.68,1482.73,1973,0,5,16686.62
inference,217.57,1538.57,1719.92,2234,768,5,16904.19
inference,218.65,2498.45,2756.6,4244,3286,5,17122.84
inference,217.61,2757.58,3095.31,4219,3828,5,17340.449999999997
inference,218.25,2807.62,2999.13,3634,6369,5,17558.699999999997
inference,217.37,2889.22,3108.4,3533,7079,5,17776.07
inference,217.6,2634.18,2815.43,3773,8396,5,17993.67
inference,218.23,2680.56,2956.28,3492,6907,5,18211.899999999998
inference,217.53,2813.76,3017.55,3466,6658,5,18429.43
inference,217.55,2632.57,2827.2,3797,8546,5,18646.98
inference,218.13,2610.0,2806.86,3324,6734,5,18865.11
inference,217.49,2896.29,3117.07,3609,6886,5,19082.6
inference,218.0,2487.06,2726.43,3660,8851,5,19300.6
inference,218.14,2638.94,2822.16,3218,6816,5,19518.739999999998
inference,217.24,2762.8,2948.26,3747,6968,5,19735.98
inference,218.12,2503.63,2693.19,3214,7301,5,19954.1
inference,217.51,2722.46,2955.82,3655,6377,5,20171.61
inference,218.06,2591.61,3238.68,3449,7880,5,20389.67
inference,217.07,2852.87,3931.02,5607,5966,5,20606.739999999998
inference,218.21,2517.48,2808.37,3808,8080,5,20824.949999999997
inference,217.38,2684.33,3362.17,4425,6416,5,21042.329999999998
inference,218.29,2478.41,2702.65,3537,8046,5,21260.62
inference,218.2,2835.18,3190.51,3960,5987,5,21478.82
inference,218.28,2467.96,2731.33,3601,8181,5,21697.1
inference,218.15,2649.32,4951.35,6312,6093,5,21915.25
inference,219.37,2562.27,3028.99,3875,8526,5,22134.62
inference,218.0,2801.54,3412.49,3477,6117,5,22352.62
inference,217.64,2498.35,2750.86,3708,8211,5,22570.26
inference,218.17,2652.61,2842.67,3346,6313,5,22788.43
inference,217.74,2641.31,2839.01,3757,8044,5,23006.17
inference,218.31,2630.18,2866.74,3321,6535,5,23224.48
inference,218.03,2526.82,2718.19,3633,7796,5,23442.51
inference,217.44,2738.35,3341.84,4291,5302,5,23659.949999999997
inference,219.72,2360.85,6441.03,7459,7676,5,23879.67
inference,218.11,2602.97,2794.95,3517,6381,5,24097.78
inference,218.09,2621.9,2844.01,3577,5438,5,24315.87
inference,217.96,2409.49,2601.72,3028,8029,5,24533.829999999998
inference,217.48,2634.83,2820.62,3508,5987,5,24751.309999999998
inference,218.22,2808.08,2996.79,3455,6286,5,24969.53
inference,218.2,2261.26,2493.67,3231,7612,5,25187.73
inference,217.83,2706.1,2898.21,3590,5715,5,25405.559999999998
inference,218.24,2674.8,2860.07,3299,6514,5,25623.8
inference,217.3,2379.41,2730.03,3493,7606,5,25841.1
inference,217.85,2543.26,2841.34,3645,5605,5,26058.949999999997
inference,218.16,2801.14,2999.69,3296,6986,5,26277.11
inference,217.43,2402.15,2591.33,3339,7682,5,26494.539999999997
inference,217.88,2613.31,2849.86,3584,5271,5,26712.42
inference,218.11,2733.06,2919.31,3264,7036,5,26930.53
inference,217.51,2361.51,2571.1,3361,7629,5,27148.039999999997
inference,217.87,2594.0,2783.03,3442,5462,5,27365.91
inference,218.03,2720.19,2914.37,3270,7330,5,27583.94
inference,217.64,2364.75,2576.16,3354,7609,5,27801.579999999998
inference,218.01,2640.43,2836.57,3463,5279,5,28019.59
inference,218.87,2607.4,2791.56,3139,7192,5,28238.46
inference,218.05,2399.72,2591.67,3394,7685,5,28456.51
inference,217.85,2667.2,2905.83,3571,5398,5,28674.36
inference,218.11,2522.81,2709.79,3191,7634,5,28892.469999999998
inference,217.54,2411.99,2592.46,3342,7693,5,29110.01
inference,217.66,2671.78,2889.81,3565,5204,5,29327.67
inference,217.88,2534.0,2860.63,3314,7475,5,29545.55
inference,217.72,2466.64,2646.28,3472,7853,5,29763.27
inference,217.52,2604.6,2794.53,3517,5383,5,29980.789999999997
inference,218.59,2472.9,2709.81,3125,7567,5,30199.379999999997
inference,218.26,2465.8,2651.25,3510,7896,5,30417.64
inference,217.51,2645.31,2831.59,3517,5613,5,30635.149999999998
inference,218.3,2311.48,2495.75,2918,7908,5,30853.449999999997
inference,218.48,2486.6,2668.58,3433,7499,5,31071.93
inference,218.0,2752.75,2967.93,3459,5685,5,31289.93
inference,218.2,2210.43,2392.16,2883,8023,5,31508.129999999997
inference,217.96,2540.0,2721.32,3354,7379,5,31726.09
inference,217.7,2532.81,2718.36,3312,5290,5,31943.789999999997
inference,218.04,2641.39,2874.63,3467,6141,5,32161.829999999998
inference,218.01,2668.49,2862.27,3422,6774,5,32379.84
inference,218.44,2310.74,2490.6,2893,6738,5,32598.28
inference,217.86,2347.35,2529.32,3236,6647,5,32816.14
inference,218.14,2482.92,2675.66,3347,5655,5,33034.28
inference,217.54,2450.92,2667.72,3337,5345,5,33251.82
inference,217.49,2506.57,2689.2,3333,5457,5,33469.31
inference,218.11,2624.77,2802.34,3338,6501,5,33687.42
inference,218.34,2614.05,2794.82,3334,6621,5,33905.76
inference,218.46,2316.81,2503.87,2998,6609,5,34124.22
inference,218.25,2274.62,2503.14,3102,7017,5,34342.47
inference,218.49,2463.64,2652.0,3277,5663,5,34560.96
inference,217.64,2467.23,2652.94,3327,5415,5,34778.6
inference,218.02,2440.56,2634.4,3371,5468,5,34996.619999999995
inference,217.84,2643.06,2857.59,3360,5926,5,35214.46
inference,218.16,2505.68,2690.76,3328,6652,5,35432.619999999995
inference,217.93,2193.63,2478.33,3029,7096,5,35650.549999999996
inference,218.2,2541.39,2722.99,3277,5470,5,35868.75
inference,217.87,2358.37,2549.59,2979,6636,5,36086.619999999995
inference,217.73,2299.82,2508.8,3210,6674,5,36304.35
inference,218.43,2478.31,2667.67,3287,5769,5,36522.78
inference,218.03,2497.52,2682.17,3298,5553,5,36740.81
inference,218.46,2477.94,2658.5,3305,5577,5,36959.27
inference,217.47,2488.66,2767.48,3513,5786,5,37176.74
inference,217.68,2252.87,2599.74,3257,6626,5,37394.42
inference,217.92,2499.1,2700.67,3249,5191,5,37612.34
inference,218.03,2509.8,2728.9,3321,6617,5,37830.369999999995
inference,218.05,2466.88,2677.22,3302,6563,5,38048.42
inference,218.12,2402.6,2599.49,3021,6714,5,38266.54
inference,217.63,2235.77,2422.39,3092,7111,5,38484.17
inference,218.41,2444.16,2656.7,3324,5969,5,38702.58
inference,218.67,2442.91,2626.35,3224,5732,5,38921.25
inference,217.6,2460.33,2749.81,3392,5675,5,39138.85
inference,218.0,2344.04,2534.0,3252,5790,5,39356.85
inference,217.88,2558.05,2758.72,3300,5775,5,39574.729999999996
inference,217.95,2520.68,2853.23,3505,6582,5,39792.68
inference,217.75,2389.4,2618.79,3330,6712,5,40010.43
inference,218.12,2529.66,2757.08,3338,6673,5,40228.549999999996
inference,218.03,2560.99,2746.85,3101,6707,5,40446.58
inference,217.29,2283.49,2463.82,3010,6660,5,40663.869999999995
inference,217.77,2366.83,2565.11,3274,6788,5,40881.64
inference,218.21,2410.82,2705.49,3437,6011,5,41099.85
inference,217.95,2495.32,2744.71,3345,5806,5,41317.799999999996
inference,217.95,2402.02,2583.44,3221,5919,5,41535.75
inference,217.99,2415.84,2597.36,3207,5827,5,41753.74
inference,217.46,2454.58,2634.72,3274,5918,5,41971.2
inference,218.04,2558.51,2785.96,3348,6700,5,42189.24
inference,217.91,2393.35,2575.2,3281,6728,5,42407.15
inference,217.84,2583.25,2760.03,3356,6723,5,42624.99
inference,218.75,2478.03,2708.51,3109,7193,5,42843.74
inference,217.8,2272.89,2566.56,3196,6633,5,43061.54
inference,217.63,2270.7,2499.72,3184,6818,5,43279.17
inference,218.57,2303.4,2479.85,3189,6474,5,43497.74
inference,218.56,2475.66,2653.21,3249,6016,5,43716.299999999996
inference,218.18,2388.81,2592.3,3250,5939,5,43934.479999999996
inference,217.69,2439.79,2671.38,3326,5968,5,44152.17
inference,218.06,2470.45,2658.62,3242,6073,5,44370.229999999996
inference,217.37,2373.77,2558.96,3280,6177,5,44587.6
inference,217.88,2536.39,2715.19,3305,6919,5,44805.479999999996
inference,218.38,2536.29,2730.55,3320,6848,5,45023.86
inference,218.3,2426.78,2650.11,3344,7272,5,45242.159999999996
inference,218.53,2518.23,2701.58,3075,6803,5,45460.69
inference,217.6,2209.62,2393.75,2960,6878,5,45678.29
inference,218.15,2240.51,2428.49,3113,6981,5,45896.44
inference,219.44,2344.83,2659.15,3450,6436,5,46115.88
inference,219.09,2374.68,2615.24,3300,6120,5,46334.97
inference,218.24,2374.0,2558.32,3189,6116,5,46553.21
inference,218.74,2458.65,2644.36,3214,6099,5,46771.95
inference,218.6,2379.41,2569.27,3266,6112,5,46990.549999999996
inference,218.06,2501.51,2921.97,3751,6409,5,47208.61
inference,218.15,2377.05,2577.44,3305,7305,5,47426.76
inference,218.54,2343.58,2632.09,3189,6899,5,47645.299999999996
inference,218.36,2395.87,2578.77,3284,6333,5,47863.659999999996
inference,218.4,2488.77,2676.51,3251,6938,5,48082.06
inference,218.38,2349.92,2532.17,2976,7390,5,48300.44
inference,217.55,2206.86,2400.0,2997,7001,5,48517.99
inference,218.25,2234.44,2461.04,3194,7042,5,48736.24
inference,219.63,2331.93,2516.15,3219,6602,5,48955.869999999995
inference,219.33,2417.91,2629.06,3251,6188,5,49175.2
inference,218.38,2333.52,2520.43,3150,6214,5,49393.58
inference,218.79,2321.02,2511.15,3236,6255,5,49612.369999999995
inference,218.66,2315.42,2552.08,3178,6257,5,49831.03
inference,217.48,2333.73,2541.08,3269,6595,5,50048.51
inference,218.41,2480.89,2701.05,3287,7063,5,50266.92
inference,218.3,2316.83,2505.32,3207,7472,5,50485.22
inference,218.35,2469.49,2658.3,3220,7018,5,50703.57
inference,217.99,2485.99,2680.49,3147,7053,5,50921.56
inference,217.92,2219.64,2452.07,3024,7111,5,51139.479999999996
inference,217.75,2195.16,2382.49,2962,7416,5,51357.229999999996
inference,218.43,2172.57,2358.09,3081,7343,5,51575.659999999996
inference,220.01,2377.87,2538.07,3182,6368,5,51795.67
inference,219.33,2356.09,2549.13,3205,6327,5,52015.0
tokenizer,216.64,0.73,188.11,134,0,6,0.0
tokenizer,235.99,0.44,91.45,110,0,6,235.99
tokenizer,233.99,0.33,121.15,154,0,6,469.98
tokenizer,236.78,0.3,79.53,110,51,6,706.76
tokenizer,233.98,146.23,242.86,410,0,6,940.7400000000001
model load,217.56,0.6,208.92,156,18,6,1158.3000000000002
model load,237.01,0.51,91.09,114,18,6,1395.31
model load,231.65,0.31,132.55,155,0,6,1626.96
model load,236.53,0.31,75.79,106,0,6,1863.4900000000002
model load,232.06,47.63,150.38,293,0,6,2095.55
model load,229.9,357.38,12952.86,15324,0,6,2325.4500000000003
model load,219.24,9563.99,10044.95,12456,0,6,2544.69
model load,218.22,3749.2,4215.85,8019,78,6,2762.9100000000003
model load,217.67,3736.88,4253.08,8338,92,6,2980.58
model load,217.43,3943.31,4494.17,9240,74,6,3198.01
model load,218.03,3903.77,4471.96,9146,74,6,3416.04
model load,219.32,3583.36,4092.57,8225,55,6,3635.36
model load,218.48,4203.27,4764.59,9525,105,6,3853.84
model load,219.25,3595.43,4144.5,8264,69,6,4073.0899999999997
model load,218.28,4062.2,4670.81,9268,119,6,4291.37
model load,217.15,3532.24,4028.09,7948,105,6,4508.5199999999995
model load,217.82,4159.26,4712.8,9531,101,6,4726.339999999999
model load,219.16,3377.01,3932.96,7734,64,6,4945.5
model load,218.94,4052.53,4604.29,9395,59,6,5164.44
model load,218.44,3639.7,4145.11,8062,91,6,5382.88
model load,218.23,3933.34,4511.1,9320,60,6,5601.11
model load,218.44,3635.02,4103.52,8190,128,6,5819.549999999999
model load,217.06,4140.66,4835.63,9666,60,6,6036.61
model load,217.59,3468.28,4017.76,7758,129,6,6254.2
model load,216.67,3003.53,3817.31,8718,69,6,6470.87
model load,217.92,2976.48,3783.37,8590,9,6,6688.79
model load,217.8,3047.61,3800.96,9082,55,6,6906.589999999999
model load,218.25,3156.68,3932.37,9443,18,6,7124.839999999999
model load,217.76,2588.74,3312.87,7210,73,6,7342.599999999999
model load,217.48,2624.86,3261.88,6952,18,6,7560.08
model load,218.46,2366.27,3203.13,6633,37,6,7778.54
model load,219.02,2907.32,4004.87,9195,14,6,7997.56
model load,216.89,3043.64,4213.25,9784,50,6,8214.45
model load,220.58,1664.24,3712.44,8432,41,6,8435.03
model load,233.31,50.35,2506.58,4822,59,6,8668.34
model load,367.24,36.88,1721.13,3055,0,6,9035.58
model load,412.16,1875.18,1534.58,3363,3,6,9447.74
model load,255.31,2088.61,2907.44,6310,53,6,9703.050000000001
model load,217.16,3207.07,3985.03,9606,31,6,9920.210000000001
model load,216.93,3044.92,3787.52,8934,23,6,10137.140000000001
model load,217.9,3179.41,3944.0,9045,37,6,10355.04
model load,217.14,2301.69,3754.94,7599,18,6,10572.18
model load,219.57,3150.02,4253.77,9582,78,6,10791.75
model load,218.61,2767.62,3634.01,8380,27,6,11010.36
model load,218.73,2858.18,3965.31,8824,69,6,11229.09
model load,220.87,534.22,2272.92,5429,18,6,11449.960000000001
model load,235.25,1734.62,2841.09,6074,0,6,11685.210000000001
model load,218.83,1569.19,3761.3,8331,43,6,11904.04
model load,266.64,1243.19,1887.88,3559,73,6,12170.68
model load,217.51,5564.13,5994.46,8303,4,6,12388.19
model load,217.12,1387.68,2614.33,4422,133,6,12605.310000000001
model load,218.06,2982.21,3740.46,9117,64,6,12823.37
model load,218.79,2519.73,3351.19,7226,14,6,13042.16
model load,217.92,359.2,689.15,1010,41,6,13260.08
pipeline load,216.5,0.74,315.33,291,0,6,13476.58
pipeline load,236.36,0.41,140.46,203,0,6,13712.94
pipeline load,235.59,0.37,189.4,233,0,6,13948.53
pipeline load,225.95,0.42,193.48,270,34,6,14174.480000000001
inference,217.53,1088.07,1567.5,2018,0,6,14392.01
inference,217.36,1130.37,1574.48,2047,0,6,14609.37
inference,217.07,1041.98,1288.28,1797,0,6,14826.44
inference,216.87,1163.74,1475.33,1918,60,6,15043.310000000001
inference,216.98,1196.29,1539.86,2028,203,6,15260.29
inference,216.84,1071.21,1323.98,1803,221,6,15477.130000000001
inference,217.35,1228.99,1471.51,1932,0,6,15694.480000000001
inference,217.19,1222.65,1464.91,1984,709,6,15911.67
inference,217.18,1134.6,1899.25,2422,1036,6,16128.85
inference,217.08,1329.09,1563.67,2018,83,6,16345.93
inference,217.03,1061.98,1306.84,1829,986,6,16562.96
inference,216.99,1265.32,1513.99,1972,88,6,16779.95
inference,217.47,1526.79,1851.51,2382,677,6,16997.420000000002
inference,217.87,1428.83,1699.95,2410,3030,6,17215.29
inference,218.28,2395.04,2753.86,4357,1019,6,17433.57
inference,217.02,2515.58,3025.0,4004,3060,6,17650.59
inference,217.9,2719.74,2966.04,3717,5253,6,17868.49
inference,217.29,2877.57,3136.42,3935,7407,6,18085.78
inference,218.04,2503.19,2758.38,3628,8054,6,18303.82
inference,218.35,2733.41,3060.57,3852,6710,6,18522.170000000002
inference,217.14,2824.02,3087.42,3938,7492,6,18739.31
inference,217.86,2315.78,2593.96,3406,7594,6,18957.170000000002
inference,217.83,2835.57,3091.47,3613,6426,6,19175.0
inference,218.03,2620.25,2829.42,3788,8392,6,19393.03
inference,218.01,2564.08,2788.16,3573,6806,6,19611.04
inference,217.57,2876.08,3069.79,3764,6839,6,19828.61
inference,218.21,2485.26,2667.5,3405,8043,6,20046.82
inference,218.37,2823.21,3185.6,4044,6100,6,20265.190000000002
inference,217.86,2527.63,3313.74,4007,8577,6,20483.05
inference,217.66,2689.58,2905.18,3427,6137,6,20700.71
inference,217.88,2698.61,2908.72,3759,7852,6,20918.59
inference,218.44,2604.63,2813.12,3319,6371,6,21137.03
inference,217.71,2609.79,2797.97,3730,7554,6,21354.74
inference,218.06,2574.52,2758.11,3219,6541,6,21572.8
inference,217.48,2718.05,2907.97,3747,7411,6,21790.28
inference,218.15,2477.66,2706.0,3227,7104,6,22008.43
inference,217.54,2681.38,2872.22,3678,7059,6,22225.97
inference,218.23,2539.21,2713.71,3276,7190,6,22444.2
inference,217.77,2759.52,3134.1,3876,7006,6,22661.97
inference,218.27,2501.8,2683.94,3303,7375,6,22880.24
inference,217.49,2701.28,2924.61,3752,6826,6,23097.73
inference,218.24,2493.62,2677.03,3267,7623,6,23315.97
inference,217.9,2447.35,2696.27,3414,6736,6,23533.87
inference,217.98,2633.92,2817.13,3188,6751,6,23751.850000000002
inference,217.84,2492.89,2729.12,3677,7606,6,23969.690000000002
inference,217.25,2652.97,2841.1,3590,5063,6,24186.940000000002
inference,218.21,2455.27,2642.44,3025,7692,6,24405.15
inference,217.52,2560.6,2773.73,3526,6686,6,24622.670000000002
inference,217.99,2809.43,3004.73,3482,5774,6,24840.66
inference,218.08,2323.85,2545.81,3054,8005,6,25058.74
inference,218.08,2580.35,2762.99,3609,5833,6,25276.82
inference,218.49,2866.74,3045.29,3364,6438,6,25495.31
inference,217.78,2369.8,2549.41,3150,7621,6,25713.09
inference,217.74,2593.64,2781.08,3426,5542,6,25930.83
inference,218.09,2687.64,2925.68,3292,6862,6,26148.920000000002
inference,217.6,2451.96,2628.68,3369,8024,6,26366.52
inference,217.93,2688.87,3169.95,3579,5014,6,26584.45
inference,218.09,2580.11,2825.82,3274,7195,6,26802.54
inference,217.44,2399.28,2587.74,3366,7543,6,27019.98
inference,217.86,2616.6,2812.35,3511,5303,6,27237.84
inference,218.22,2648.75,2878.68,3299,6931,6,27456.06
inference,217.34,2379.72,2565.03,3313,7593,6,27673.4
inference,217.67,2630.86,2824.04,3583,5627,6,27891.07
inference,218.04,2693.99,2885.59,3343,7043,6,28109.11
inference,217.78,2295.11,2510.78,3205,7609,6,28326.89
inference,216.77,2687.07,2904.05,3524,5556,6,28543.66
inference,218.17,2678.88,2871.97,3341,6984,6,28761.83
inference,217.44,2303.46,2487.93,3233,7682,6,28979.27
inference,217.45,2660.22,2853.94,3573,5864,6,29196.72
inference,217.99,2705.22,2984.44,3353,6788,6,29414.71
inference,217.22,2079.21,2399.1,3135,7794,6,29631.93
inference,217.71,2418.07,2734.74,3491,6104,6,29849.64
inference,217.44,2696.15,2926.37,3537,5167,6,30067.08
inference,218.0,2389.63,2579.83,3092,7915,6,30285.08
inference,217.85,2510.35,2748.6,3456,7440,6,30502.93
inference,217.54,2679.9,2874.9,3494,5265,6,30720.47
inference,218.19,2325.03,2519.24,3098,7782,6,30938.66
inference,218.76,2501.51,2743.61,3474,7810,6,31157.420000000002
inference,217.85,2617.72,2811.63,3466,5773,6,31375.27
inference,218.02,2338.2,2519.21,2945,7973,6,31593.29
inference,217.74,2482.62,2678.21,3518,7357,6,31811.030000000002
inference,218.09,2815.9,3029.39,3540,5938,6,32029.12
inference,217.89,2444.44,2629.09,3043,7859,6,32247.010000000002
inference,217.42,2263.22,2496.84,3183,6733,6,32464.43
inference,218.04,2518.95,2706.58,3339,6090,6,32682.47
inference,217.76,2523.55,2713.11,3375,5320,6,32900.23
inference,217.43,2461.18,2682.04,3385,5359,6,33117.66
inference,218.27,2623.76,2799.25,3340,6526,6,33335.93
inference,217.96,2629.79,2824.24,3473,6639,6,33553.89
inference,217.97,2353.85,2534.71,2977,6639,6,33771.86
inference,217.61,2279.44,2512.12,3267,6689,6,33989.47
inference,218.61,2483.16,2668.3,3289,5891,6,34208.08
inference,218.11,2447.37,2628.62,3306,5389,6,34426.19
inference,217.71,2559.55,2753.35,3321,5428,6,34643.9
inference,218.06,2555.11,2733.61,3343,6146,6,34861.96
inference,218.03,2529.31,2743.05,3403,6975,6,35079.99
inference,217.8,2488.41,2667.61,2975,6742,6,35297.79
inference,217.43,2211.26,2437.11,3150,6671,6,35515.22
inference,218.5,2433.02,2600.53,3249,6319,6,35733.72
inference,217.81,2495.97,2675.49,3278,5478,6,35951.53
inference,218.27,2500.52,2689.01,3354,5518,6,36169.8
inference,217.32,2528.63,2813.95,3488,5571,6,36387.12
inference,217.87,2442.15,2700.12,3456,6479,6,36604.99
inference,218.03,2578.51,2758.06,3371,6614,6,36823.020000000004
inference,218.17,2644.5,2825.14,3181,6627,6,37041.19
inference,218.31,2216.03,2393.48,2964,7040,6,37259.5
inference,218.62,2370.29,2595.77,3334,6610,6,37478.12
inference,218.27,2430.53,2626.41,3280,5654,6,37696.39
inference,217.65,2509.82,2690.84,3313,5608,6,37914.04
inference,218.11,2504.98,2729.94,3324,5628,6,38132.15
inference,217.78,2219.56,2553.41,3279,5928,6,38349.93
inference,217.22,2541.19,2724.75,3269,5744,6,38567.15
inference,218.12,2424.02,2605.65,3315,6606,6,38785.270000000004
inference,218.09,2542.67,2768.47,3370,6675,6,39003.36
inference,218.05,2536.05,2720.39,3270,6644,6,39221.41
inference,217.69,2387.22,2670.61,3119,6586,6,39439.1
inference,217.5,2267.28,2466.14,3205,6684,6,39656.6
inference,218.36,2437.89,2609.29,3261,6437,6,39874.96
inference,218.26,2410.72,2646.14,3317,5724,6,40093.22
inference,218.47,2410.61,2588.75,3232,5842,6,40311.69
inference,218.11,2552.01,2926.45,3599,5767,6,40529.8
inference,217.89,2446.64,2630.61,3291,5823,6,40747.69
inference,216.93,2396.91,2584.98,3333,5962,6,40964.62
inference,217.97,2552.42,2732.45,3335,6638,6,41182.590000000004
inference,218.1,2551.96,2736.37,3324,7084,6,41400.69
inference,218.0,2551.12,2791.02,3404,6657,6,41618.69
inference,217.8,2390.25,2566.75,3035,6794,6,41836.49
inference,217.2,2244.12,2419.91,3007,6690,6,42053.69
inference,218.35,2324.81,2507.46,3233,6819,6,42272.04
inference,218.52,2393.17,2601.44,3281,5871,6,42490.56
inference,218.06,2484.84,2686.1,3306,5931,6,42708.62
inference,219.07,2435.93,4510.95,6263,5898,6,42927.69
inference,219.26,2363.13,4220.11,5236,5920,6,43146.950000000004
inference,218.52,2442.63,3600.11,4494,5915,6,43365.47
inference,217.73,2471.09,2866.98,3550,5981,6,43583.200000000004
inference,218.01,2425.1,2601.06,3344,6885,6,43801.21
inference,217.92,2551.31,2762.58,3327,6802,6,44019.13
inference,217.86,2543.05,2723.75,3309,6828,6,44236.99
inference,218.27,2393.94,2599.45,3253,6816,6,44455.26
inference,217.8,2402.74,2688.27,3173,6799,6,44673.06
inference,217.52,2256.12,2707.13,3462,6901,6,44890.58
inference,219.62,2348.56,2579.82,3347,6928,6,45110.200000000004
inference,218.96,2483.99,2672.34,3265,6111,6,45329.16
inference,218.53,2396.12,2583.46,3267,6001,6,45547.69
inference,218.0,2414.83,2602.52,3280,6031,6,45765.69
inference,218.78,2402.44,2945.82,3894,6073,6,45984.47
inference,217.87,2431.91,2797.43,3603,6189,6,46202.340000000004
inference,218.34,2508.38,2685.27,3275,6834,6,46420.68
inference,218.24,2414.21,2649.71,3382,6939,6,46638.92
inference,218.4,2532.99,2718.76,3329,6873,6,46857.32
inference,218.33,2357.85,2543.49,3174,7358,6,47075.65
inference,218.06,2359.51,2549.05,2990,6893,6,47293.71
inference,217.87,2244.15,2464.26,3126,6975,6,47511.58
inference,219.09,2357.63,2544.59,3268,7041,6,47730.67
inference,218.89,2391.15,2577.18,3257,6130,6,47949.56
inference,218.65,2385.6,2568.29,3215,6145,6,48168.21
inference,218.05,2406.03,2596.78,3288,6174,6,48386.26
inference,218.87,2357.17,2590.61,3317,6196,6,48605.13
inference,218.09,2437.22,2625.9,3255,6333,6,48823.22
inference,218.21,2380.4,2686.03,3524,7304,6,49041.43
inference,218.52,2518.0,2703.05,3281,7025,6,49259.950000000004
inference,218.46,2488.57,2704.32,3300,6979,6,49478.41
inference,218.32,2376.98,2556.63,3179,7113,6,49696.73
inference,218.34,2327.69,2511.16,2972,6999,6,49915.07
inference,217.68,2207.74,2390.69,2981,7040,6,50132.75
inference,218.39,2239.23,2429.18,3127,7608,6,50351.14
inference,219.4,2212.43,2491.1,3286,6323,6,50570.54
inference,219.35,2367.84,2553.45,3196,6386,6,50789.89
inference,218.99,2375.81,2562.31,3196,6282,6,51008.88
inference,218.39,2228.36,2506.71,3283,6306,6,51227.270000000004
inference,218.55,2322.03,2519.43,3244,6346,6,51445.82
inference,218.95,2340.97,2563.71,3224,6429,6,51664.770000000004
inference,218.46,2401.0,2590.9,3213,6650,6,51883.23
inference,218.51,2398.38,2628.27,3327,7063,6,52101.74
inference,218.51,2483.43,2661.81,3254,7148,6,52320.25
inference,218.32,2340.85,2555.19,3243,7066,6,52538.57
