,timestamp,tag,duration,nvidia_gpu_0,GPU Count,nvidia_gpu_1,nvidia_gpu_2,nvidia_gpu_3,nvidia_gpu_4,nvidia_gpu_5,nvidia_gpu_6,nvidia_gpu_7,Total GPU Energy (J),Token Rate (tokens/s),Event,Model
0,1705168891.9368384,tokenizer,0.2574203014373779,16192,1,0.0,0.0,0.0,0.0,0.0,0.0,0.0,16.192,776.9394988788544,Tokenizer,Mistral7b
1,1705168892.1942587,model load,54.25971293449402,2933257,1,0.0,0.0,0.0,0.0,0.0,0.0,0.0,2933.257,3.685976006571459,Model load,Mistral7b
2,1705168946.4539716,pipeline load,0.0023443698883056,0,1,0.0,0.0,0.0,0.0,0.0,0.0,0.0,0.0,85310.76985660764,Pipeline load,Mistral7b
3,1705168946.456316,inference,5.7059478759765625,582301,1,0.0,0.0,0.0,0.0,0.0,0.0,0.0,582.301,35.05114388479589,Inference,Mistral7b
4,1705170323.4225037,tokenizer,0.3183956146240234,21582,1,0.0,0.0,0.0,0.0,0.0,0.0,0.0,21.582,628.1493551227754,Tokenizer,Mistral7b
5,1705170323.740899,model load,17.398309230804443,1019379,1,0.0,0.0,0.0,0.0,0.0,0.0,0.0,1019.379,11.49536988605143,Model load,Mistral7b
6,1705170341.1392086,pipeline load,0.0023131370544433,0,1,0.0,0.0,0.0,0.0,0.0,0.0,0.0,0.0,86462.66749124114,Pipeline load,Mistral7b
7,1705170341.1415217,inference,5.837942600250244,589932,1,0.0,0.0,0.0,0.0,0.0,0.0,0.0,589.932,34.258644473727266,Inference,Mistral7b
8,1705170352.5311408,tokenizer,0.1905512809753418,10847,1,0.0,0.0,0.0,0.0,0.0,0.0,0.0,10.847,1049.5862267432403,Tokenizer,Mistral7b
9,1705170352.721692,model load,3.989956378936768,234442,1,0.0,0.0,0.0,0.0,0.0,0.0,0.0,234.442,50.12586128906387,Model load,Mistral7b
10,1705170356.7116485,pipeline load,0.0022568702697753,0,1,0.0,0.0,0.0,0.0,0.0,0.0,0.0,0.0,88618.29706317701,Pipeline load,Mistral7b
11,1705170356.713905,inference,6.018332719802856,596551,1,0.0,0.0,0.0,0.0,0.0,0.0,0.0,596.551,33.231795135206724,Inference,Mistral7b
12,1705170367.4756331,tokenizer,0.1638600826263427,5453,1,0.0,0.0,0.0,0.0,0.0,0.0,0.0,5.453,1220.553516112089,Tokenizer,Mistral7b
13,1705170367.6394932,model load,14.24525785446167,840447,1,0.0,0.0,0.0,0.0,0.0,0.0,0.0,840.447,14.039759900685773,Model load,Mistral7b
14,1705170381.884751,pipeline load,0.0035386085510253,0,1,0.0,0.0,0.0,0.0,0.0,0.0,0.0,0.0,56519.39091766753,Pipeline load,Mistral7b
15,1705170381.8882897,inference,5.739651679992676,582964,1,0.0,0.0,0.0,0.0,0.0,0.0,0.0,582.964,34.84532009096678,Inference,Mistral7b
16,1705170391.8615327,tokenizer,0.1960282325744629,10902,1,0.0,0.0,0.0,0.0,0.0,0.0,0.0,10.902000000000001,1020.2612010187278,Tokenizer,Mistral7b
17,1705170392.057561,model load,13.81055498123169,818364,1,0.0,0.0,0.0,0.0,0.0,0.0,0.0,818.364,14.481677258574809,Model load,Mistral7b
18,1705170405.868116,pipeline load,0.00223970413208,0,1,0.0,0.0,0.0,0.0,0.0,0.0,0.0,0.0,89297.50904833183,Pipeline load,Mistral7b
19,1705170405.8703556,inference,5.769619703292847,585624,1,0.0,0.0,0.0,0.0,0.0,0.0,0.0,585.624,34.66432976264548,Inference,Mistral7b
20,1705170417.472594,tokenizer,0.2722384929656982,16348,1,0.0,0.0,0.0,0.0,0.0,0.0,0.0,16.348,734.6499674651072,Tokenizer,Mistral7b
21,1705170417.7448325,model load,12.968854188919067,763763,1,0.0,0.0,0.0,0.0,0.0,0.0,0.0,763.763,15.421562852552178,Model load,Mistral7b
22,1705170430.7136867,pipeline load,0.0022454261779785,0,1,0.0,0.0,0.0,0.0,0.0,0.0,0.0,0.0,89069.95115735887,Pipeline load,Mistral7b
23,1705170430.715932,inference,5.888842582702637,585710,1,0.0,0.0,0.0,0.0,0.0,0.0,0.0,585.71,33.96253120901249,Inference,Mistral7b
24,1705170444.262365,tokenizer,0.238879919052124,16287,1,0.0,0.0,0.0,0.0,0.0,0.0,0.0,16.287,837.2407391697067,Tokenizer,Mistral7b
25,1705170444.5012453,model load,3.9821503162384033,229128,1,0.0,0.0,0.0,0.0,0.0,0.0,0.0,229.12800000000001,50.22412117002225,Model load,Mistral7b
26,1705170448.4833956,pipeline load,0.0022826194763183,0,1,0.0,0.0,0.0,0.0,0.0,0.0,0.0,0.0,87618.63379987694,Pipeline load,Mistral7b
27,1705170448.4856782,inference,5.748996019363403,592564,1,0.0,0.0,0.0,0.0,0.0,0.0,0.0,592.564,34.788682985059076,Inference,Mistral7b
28,1705170459.8455176,tokenizer,0.2196314334869384,16281,1,0.0,0.0,0.0,0.0,0.0,0.0,0.0,16.281,910.6164669816906,Tokenizer,Mistral7b
29,1705170460.065149,model load,4.087967157363892,234936,1,0.0,0.0,0.0,0.0,0.0,0.0,0.0,234.936,48.9240721124015,Model load,Mistral7b
30,1705170464.1531162,pipeline load,0.0022962093353271,0,1,0.0,0.0,0.0,0.0,0.0,0.0,0.0,0.0,87100.07268196633,Pipeline load,Mistral7b
31,1705170464.1554124,inference,5.88051176071167,598687,1,0.0,0.0,0.0,0.0,0.0,0.0,0.0,598.687,34.01064535508992,Inference,Mistral7b
32,1705170474.761156,tokenizer,0.1572136878967285,5412,1,0.0,0.0,0.0,0.0,0.0,0.0,0.0,5.412,1272.1538606191673,Tokenizer,Mistral7b
33,1705170474.9183698,model load,13.117949962615969,773139,1,0.0,0.0,0.0,0.0,0.0,0.0,0.0,773.139,15.246284714453676,Model load,Mistral7b
34,1705170488.0363195,pipeline load,0.0023343563079833,0,1,0.0,0.0,0.0,0.0,0.0,0.0,0.0,0.0,85676.72352160509,Pipeline load,Mistral7b
35,1705170488.038654,inference,5.699604034423828,583264,1,0.0,0.0,0.0,0.0,0.0,0.0,0.0,583.264,35.09015692880812,Inference,Mistral7b
36,1705170496.6184506,tokenizer,0.2182087898254394,10919,1,0.0,0.0,0.0,0.0,0.0,0.0,0.0,10.919,916.5533623095298,Tokenizer,Mistral7b
37,1705170496.8366594,model load,12.879238367080688,754536,1,0.0,0.0,0.0,0.0,0.0,0.0,0.0,754.5360000000001,15.528868578999178,Model load,Mistral7b
38,1705170509.7158978,pipeline load,0.0022811889648437,0,1,0.0,0.0,0.0,0.0,0.0,0.0,0.0,0.0,87673.57859531965,Pipeline load,Mistral7b
39,1705170509.718179,inference,5.679074287414551,579246,1,0.0,0.0,0.0,0.0,0.0,0.0,0.0,579.246,35.217007187812605,Inference,Mistral7b
40,1705170522.4796555,tokenizer,0.3229787349700928,21620,1,0.0,0.0,0.0,0.0,0.0,0.0,0.0,21.62,619.2358144523652,Tokenizer,Mistral7b
41,1705170522.8026342,model load,13.00080394744873,758020,1,0.0,0.0,0.0,0.0,0.0,0.0,0.0,758.02,15.3836640263503,Model load,Mistral7b
42,1705170535.8034382,pipeline load,0.0022902488708496,0,1,0.0,0.0,0.0,0.0,0.0,0.0,0.0,0.0,87326.75411201369,Pipeline load,Mistral7b
43,1705170535.8057284,inference,5.869569540023804,591162,1,0.0,0.0,0.0,0.0,0.0,0.0,0.0,591.162,34.07404898029182,Inference,Mistral7b
44,1705170549.5804253,tokenizer,0.2534544467926025,10789,1,0.0,0.0,0.0,0.0,0.0,0.0,0.0,10.789,789.0964334259901,Tokenizer,Mistral7b
45,1705170549.8338797,model load,12.63210391998291,739495,1,0.0,0.0,0.0,0.0,0.0,0.0,0.0,739.495,15.83267532209081,Model load,Mistral7b
46,1705170562.4659836,pipeline load,0.002307653427124,0,1,0.0,0.0,0.0,0.0,0.0,0.0,0.0,0.0,86668.12687261168,Pipeline load,Mistral7b
47,1705170562.4682913,inference,5.72295355796814,581068,1,0.0,0.0,0.0,0.0,0.0,0.0,0.0,581.068,34.94698986706567,Inference,Mistral7b
48,1705170575.8294249,tokenizer,0.358565092086792,16183,1,0.0,0.0,0.0,0.0,0.0,0.0,0.0,16.183,557.7787810743977,Tokenizer,Mistral7b
49,1705170576.18799,model load,12.667811632156372,738280,1,0.0,0.0,0.0,0.0,0.0,0.0,0.0,738.28,15.788046570909982,Model load,Mistral7b
50,1705170588.8558016,pipeline load,0.002375841140747,0,1,0.0,0.0,0.0,0.0,0.0,0.0,0.0,0.0,84180.71249373053,Pipeline load,Mistral7b
51,1705170588.8581774,inference,5.768131732940674,588671,1,0.0,0.0,0.0,0.0,0.0,0.0,0.0,588.671,34.67327191191544,Inference,Mistral7b
52,1705170600.2110336,tokenizer,0.2481064796447754,16186,1,0.0,0.0,0.0,0.0,0.0,0.0,0.0,16.186,806.1055087571615,Tokenizer,Mistral7b
53,1705170600.45914,model load,11.830119132995604,692618,1,0.0,0.0,0.0,0.0,0.0,0.0,0.0,692.618,16.906000501903343,Model load,Mistral7b
54,1705170612.2892592,pipeline load,0.0036714076995849,0,1,0.0,0.0,0.0,0.0,0.0,0.0,0.0,0.0,54475.01785830339,Pipeline load,Mistral7b
55,1705170612.2929306,inference,5.7643280029296875,581330,1,0.0,0.0,0.0,0.0,0.0,0.0,0.0,581.33,34.696151901548824,Inference,Mistral7b
56,1705170623.7009444,tokenizer,0.1912364959716797,10790,1,0.0,0.0,0.0,0.0,0.0,0.0,0.0,10.790000000000001,1045.8254789902555,Tokenizer,Mistral7b
57,1705170623.892181,model load,11.807257890701294,686838,1,0.0,0.0,0.0,0.0,0.0,0.0,0.0,686.838,16.938733942409126,Model load,Mistral7b
58,1705170635.6994388,pipeline load,0.002345323562622,0,1,0.0,0.0,0.0,0.0,0.0,0.0,0.0,0.0,85276.08010572585,Pipeline load,Mistral7b
59,1705170635.701784,inference,5.708968162536621,580294,1,0.0,0.0,0.0,0.0,0.0,0.0,0.0,580.294,35.032600341413634,Inference,Mistral7b
60,1705170646.2707143,tokenizer,0.240567922592163,10786,1,0.0,0.0,0.0,0.0,0.0,0.0,0.0,10.786,831.3660351927377,Tokenizer,Mistral7b
61,1705170646.5112822,model load,11.022470951080322,644760,1,0.0,0.0,0.0,0.0,0.0,0.0,0.0,644.76,18.14475183356213,Model load,Mistral7b
62,1705170657.5337532,pipeline load,0.0022356510162353,0,1,0.0,0.0,0.0,0.0,0.0,0.0,0.0,0.0,89459.40066119435,Pipeline load,Mistral7b
63,1705170657.5359888,inference,5.725008487701416,583013,1,0.0,0.0,0.0,0.0,0.0,0.0,0.0,583.013,34.93444602390446,Inference,Mistral7b
64,1705170668.0655286,tokenizer,0.2393839359283447,16197,1,0.0,0.0,0.0,0.0,0.0,0.0,0.0,16.197,835.4779497813355,Tokenizer,Mistral7b
65,1705170668.3049126,model load,10.72736644744873,621353,1,0.0,0.0,0.0,0.0,0.0,0.0,0.0,621.3530000000001,18.643904911775028,Model load,Mistral7b
66,1705170679.032279,pipeline load,0.0023019313812255,0,1,0.0,0.0,0.0,0.0,0.0,0.0,0.0,0.0,86883.56292076968,Pipeline load,Mistral7b
67,1705170679.034581,inference,5.962863445281982,602656,1,0.0,0.0,0.0,0.0,0.0,0.0,0.0,602.6560000000001,33.540932445509334,Inference,Mistral7b
68,1705170689.9270508,tokenizer,0.2016263008117675,10788,1,0.0,0.0,0.0,0.0,0.0,0.0,0.0,10.788,991.934083970098,Tokenizer,Mistral7b
69,1705170690.1286771,model load,3.731589794158935,215823,1,0.0,0.0,0.0,0.0,0.0,0.0,0.0,215.823,53.596459158790815,Model load,Mistral7b
70,1705170693.860267,pipeline load,0.0023310184478759,0,1,0.0,0.0,0.0,0.0,0.0,0.0,0.0,0.0,85799.40677099598,Pipeline load,Mistral7b
71,1705170693.862598,inference,5.702214241027832,580773,1,0.0,0.0,0.0,0.0,0.0,0.0,0.0,580.773,35.07409429848951,Inference,Mistral7b
72,1705170704.347154,tokenizer,0.2012486457824707,10797,1,0.0,0.0,0.0,0.0,0.0,0.0,0.0,10.797,993.7955071567519,Tokenizer,Mistral7b
73,1705170704.5484023,model load,10.645386457443236,622572,1,0.0,0.0,0.0,0.0,0.0,0.0,0.0,622.572,18.78748139389156,Model load,Mistral7b
74,1705170715.193789,pipeline load,0.0043754577636718,0,1,0.0,0.0,0.0,0.0,0.0,0.0,0.0,0.0,45709.503051439315,Pipeline load,Mistral7b
75,1705170715.1981645,inference,5.884964227676392,590625,1,0.0,0.0,0.0,0.0,0.0,0.0,0.0,590.625,33.98491346122721,Inference,Mistral7b
76,1705170726.133999,tokenizer,0.3078598976135254,16192,1,0.0,0.0,0.0,0.0,0.0,0.0,0.0,16.192,649.6461590170206,Tokenizer,Mistral7b
77,1705170726.4418592,model load,10.53166437149048,615155,1,0.0,0.0,0.0,0.0,0.0,0.0,0.0,615.155,18.99035071241026,Model load,Mistral7b
78,1705170736.9735236,pipeline load,0.0022990703582763,0,1,0.0,0.0,0.0,0.0,0.0,0.0,0.0,0.0,86991.68308617905,Pipeline load,Mistral7b
79,1705170736.9758227,inference,5.729281187057495,581525,1,0.0,0.0,0.0,0.0,0.0,0.0,0.0,581.525,34.908393124743476,Inference,Mistral7b
80,1705170747.7204125,tokenizer,0.27980637550354,10784,1,0.0,0.0,0.0,0.0,0.0,0.0,0.0,10.784,714.779996131538,Tokenizer,Mistral7b
81,1705170748.0002189,model load,3.538630962371826,209016,1,0.0,0.0,0.0,0.0,0.0,0.0,0.0,209.016,56.519032961251966,Model load,Mistral7b
82,1705170751.5388498,pipeline load,0.0022933483123779,0,1,0.0,0.0,0.0,0.0,0.0,0.0,0.0,0.0,87208.73271649971,Pipeline load,Mistral7b
83,1705170751.5411432,inference,5.728703260421753,580757,1,0.0,0.0,0.0,0.0,0.0,0.0,0.0,580.7570000000001,34.91191477515556,Inference,Mistral7b
84,1705170761.9650338,tokenizer,0.2492694854736328,16175,1,0.0,0.0,0.0,0.0,0.0,0.0,0.0,16.175,802.3444972415429,Tokenizer,Mistral7b
85,1705170762.2143033,model load,11.35914921760559,663222,1,0.0,0.0,0.0,0.0,0.0,0.0,0.0,663.222,17.606952437073296,Model load,Mistral7b
86,1705170773.5734525,pipeline load,0.0023012161254882,0,1,0.0,0.0,0.0,0.0,0.0,0.0,0.0,0.0,86910.56775798068,Pipeline load,Mistral7b
87,1705170773.5757537,inference,5.797342777252197,589532,1,0.0,0.0,0.0,0.0,0.0,0.0,0.0,589.532,34.49856385666318,Inference,Mistral7b
88,1705170784.7141674,tokenizer,0.2509639263153076,10799,1,0.0,0.0,0.0,0.0,0.0,0.0,0.0,10.799,796.9272832810352,Tokenizer,Mistral7b
89,1705170784.9651313,model load,13.375298976898192,781133,1,0.0,0.0,0.0,0.0,0.0,0.0,0.0,781.133,14.952936778866766,Model load,Mistral7b
90,1705170798.3404305,pipeline load,0.0023036003112792,0,1,0.0,0.0,0.0,0.0,0.0,0.0,0.0,0.0,86820.6168495172,Pipeline load,Mistral7b
91,1705170798.342734,inference,5.702937841415405,580699,1,0.0,0.0,0.0,0.0,0.0,0.0,0.0,580.699,35.06964402585216,Inference,Mistral7b
92,1705170809.134437,tokenizer,0.3172039985656738,16186,1,0.0,0.0,0.0,0.0,0.0,0.0,0.0,16.186,630.5090758765832,Tokenizer,Mistral7b
93,1705170809.451641,model load,11.440528392791748,668674,1,0.0,0.0,0.0,0.0,0.0,0.0,0.0,668.674,17.481710034128543,Model load,Mistral7b
94,1705170820.8921697,pipeline load,0.0026385784149169,0,1,0.0,0.0,0.0,0.0,0.0,0.0,0.0,0.0,75798.39161471305,Pipeline load,Mistral7b
95,1705170820.8948083,inference,5.923995733261108,593744,1,0.0,0.0,0.0,0.0,0.0,0.0,0.0,593.744,33.76099663223453,Inference,Mistral7b
96,1705170831.973685,tokenizer,0.1613006591796875,5392,1,0.0,0.0,0.0,0.0,0.0,0.0,0.0,5.392,1239.9205373190805,Tokenizer,Mistral7b
97,1705170832.1349857,model load,4.089534044265747,238478,1,0.0,0.0,0.0,0.0,0.0,0.0,0.0,238.478,48.905327070313916,Model load,Mistral7b
98,1705170836.2245195,pipeline load,0.0023534297943115,0,1,0.0,0.0,0.0,0.0,0.0,0.0,0.0,0.0,84982.35234525462,Pipeline load,Mistral7b
99,1705170836.2268732,inference,5.735867500305176,578989,1,0.0,0.0,0.0,0.0,0.0,0.0,0.0,578.989,34.86830893310542,Inference,Mistral7b
100,1705170847.4457753,tokenizer,0.1642770767211914,5411,1,0.0,0.0,0.0,0.0,0.0,0.0,0.0,5.4110000000000005,1217.4553138624265,Tokenizer,Mistral7b
101,1705170847.6100523,model load,11.397562265396118,668827,1,0.0,0.0,0.0,0.0,0.0,0.0,0.0,668.827,17.547611966746214,Model load,Mistral7b
102,1705170859.0076146,pipeline load,0.0023066997528076,0,1,0.0,0.0,0.0,0.0,0.0,0.0,0.0,0.0,86703.95865633141,Pipeline load,Mistral7b
103,1705170859.0099213,inference,5.74964165687561,581284,1,0.0,0.0,0.0,0.0,0.0,0.0,0.0,581.284,34.784776501824844,Inference,Mistral7b
104,1705170870.4215174,tokenizer,0.3063714504241943,16184,1,0.0,0.0,0.0,0.0,0.0,0.0,0.0,16.184,652.8023408287064,Tokenizer,Mistral7b
105,1705170870.7278888,model load,11.64406442642212,680744,1,0.0,0.0,0.0,0.0,0.0,0.0,0.0,680.744,17.176133064513984,Model load,Mistral7b
106,1705170882.3719532,pipeline load,0.0023458003997802,0,1,0.0,0.0,0.0,0.0,0.0,0.0,0.0,0.0,85258.74580750342,Pipeline load,Mistral7b
107,1705170882.374299,inference,5.746911287307739,580327,1,0.0,0.0,0.0,0.0,0.0,0.0,0.0,580.327,34.80130282186663,Inference,Mistral7b
0,1705174003.715906,tokenizer,0.4067018032073974,23508,2,21137.0,0.0,0.0,0.0,0.0,0.0,0.0,44.645,491.76078990239955,Tokenizer,Mistral7b
1,1705174004.1226077,model load,25.95184302330017,1520121,2,1480916.0,0.0,0.0,0.0,0.0,0.0,0.0,3001.0370000000003,7.706581756849999,Model load,Mistral7b
2,1705174030.0744507,pipeline load,0.005284309387207,0,2,0.0,0.0,0.0,0.0,0.0,0.0,0.0,0.0,37847.897491427764,Pipeline load,Mistral7b
3,1705174030.079735,inference,7.999042987823486,558088,2,574345.0,0.0,0.0,0.0,0.0,0.0,0.0,1132.433,25.002991020857028,Inference,Mistral7b
4,1705174043.5392945,tokenizer,0.158778429031372,5873,2,10561.0,0.0,0.0,0.0,0.0,0.0,0.0,16.434,1259.616946836546,Tokenizer,Mistral7b
5,1705174043.698073,model load,21.14590430259705,1236580,2,1210472.0,0.0,0.0,0.0,0.0,0.0,0.0,2447.052,9.458096335725726,Model load,Mistral7b
6,1705174064.8439772,pipeline load,0.0045676231384277,0,2,0.0,0.0,0.0,0.0,0.0,0.0,0.0,0.0,43786.44952500294,Pipeline load,Mistral7b
7,1705174064.8485448,inference,8.124642848968506,563119,2,580129.0,0.0,0.0,0.0,0.0,0.0,0.0,1143.248,24.616466682642148,Inference,Mistral7b
8,1705174078.9858985,tokenizer,0.3136353492736816,17591,2,15857.0,0.0,0.0,0.0,0.0,0.0,0.0,33.448,637.6832218152739,Tokenizer,Mistral7b
9,1705174079.2995336,model load,5.612430095672607,328765,2,316868.0,0.0,0.0,0.0,0.0,0.0,0.0,645.633,35.63518771560423,Model load,Mistral7b
10,1705174084.9119637,pipeline load,0.0110831260681152,0,2,0.0,0.0,0.0,0.0,0.0,0.0,0.0,0.0,18045.450243083997,Pipeline load,Mistral7b
11,1705174084.9230468,inference,8.001951456069946,564064,2,567672.0,0.0,0.0,0.0,0.0,0.0,0.0,1131.736,24.99390318698926,Inference,Mistral7b
12,1705174098.2187486,tokenizer,0.167947769165039,5871,2,10558.0,0.0,0.0,0.0,0.0,0.0,0.0,16.429000000000002,1190.846422041271,Tokenizer,Mistral7b
13,1705174098.3866963,model load,20.115863800048828,1171787,2,1153111.0,0.0,0.0,0.0,0.0,0.0,0.0,2324.898,9.942401777422779,Model load,Mistral7b
14,1705174118.50256,pipeline load,0.0045320987701416,0,2,0.0,0.0,0.0,0.0,0.0,0.0,0.0,0.0,44129.6648955758,Pipeline load,Mistral7b
15,1705174118.5070922,inference,7.812068223953247,551039,2,563660.0,0.0,0.0,0.0,0.0,0.0,0.0,1114.699,25.601414921948965,Inference,Mistral7b
16,1705174132.2190914,tokenizer,0.1666548252105713,5882,2,10559.0,0.0,0.0,0.0,0.0,0.0,0.0,16.441,1200.0852645418247,Tokenizer,Mistral7b
17,1705174132.3857462,model load,18.7830593585968,1095556,2,1076548.0,0.0,0.0,0.0,0.0,0.0,0.0,2172.1040000000003,10.647892666561914,Model load,Mistral7b
18,1705174151.1688056,pipeline load,0.0044558048248291,0,2,0.0,0.0,0.0,0.0,0.0,0.0,0.0,0.0,44885.26940981328,Pipeline load,Mistral7b
19,1705174151.1732614,inference,7.953751802444458,555913,2,568727.0,0.0,0.0,0.0,0.0,0.0,0.0,1124.64,25.145365981690958,Inference,Mistral7b
20,1705174165.224759,tokenizer,0.2826228141784668,17566,2,10557.0,0.0,0.0,0.0,0.0,0.0,0.0,28.123,707.6569546636342,Tokenizer,Mistral7b
21,1705174165.5073822,model load,5.918611526489258,346235,2,334303.0,0.0,0.0,0.0,0.0,0.0,0.0,680.538,33.79170927250128,Model load,Mistral7b
22,1705174171.4259937,pipeline load,0.0074884891510009,0,2,0.0,0.0,0.0,0.0,0.0,0.0,0.0,0.0,26707.657040975788,Pipeline load,Mistral7b
23,1705174171.4334822,inference,7.814856052398682,553001,2,562372.0,0.0,0.0,0.0,0.0,0.0,0.0,1115.373,25.59228201504905,Inference,Mistral7b
24,1705174184.2443805,tokenizer,0.1707146167755127,11724,2,5284.0,0.0,0.0,0.0,0.0,0.0,0.0,17.008,1171.54584521018,Tokenizer,Mistral7b
25,1705174184.415095,model load,5.369716167449951,311243,2,304725.0,0.0,0.0,0.0,0.0,0.0,0.0,615.968,37.24591649971304,Model load,Mistral7b
26,1705174189.7848113,pipeline load,0.0044138431549072,0,2,0.0,0.0,0.0,0.0,0.0,0.0,0.0,0.0,45311.98617187949,Pipeline load,Mistral7b
27,1705174189.789225,inference,8.043630361557007,569788,2,573992.0,0.0,0.0,0.0,0.0,0.0,0.0,1143.78,24.864394683756448,Inference,Mistral7b
28,1705174202.8376975,tokenizer,0.1498191356658935,11661,2,5279.0,0.0,0.0,0.0,0.0,0.0,0.0,16.94,1334.9429571267392,Tokenizer,Mistral7b
29,1705174202.9875169,model load,19.05974841117859,1107510,2,1086621.0,0.0,0.0,0.0,0.0,0.0,0.0,2194.131,10.493317943415219,Model load,Mistral7b
30,1705174222.0472653,pipeline load,0.0044217109680175,0,2,0.0,0.0,0.0,0.0,0.0,0.0,0.0,0.0,45231.35986196564,Pipeline load,Mistral7b
31,1705174222.051687,inference,8.151587009429932,576130,2,580255.0,0.0,0.0,0.0,0.0,0.0,0.0,1156.385,24.53509970127727,Inference,Mistral7b
32,1705174235.6445456,tokenizer,0.3269097805023193,17577,2,15838.0,0.0,0.0,0.0,0.0,0.0,0.0,33.415,611.7895882242688,Tokenizer,Mistral7b
33,1705174235.971455,model load,21.311870098114017,1241609,2,1215573.0,0.0,0.0,0.0,0.0,0.0,0.0,2457.1820000000002,9.38444158486584,Model load,Mistral7b
34,1705174257.2833254,pipeline load,0.00447678565979,0,2,0.0,0.0,0.0,0.0,0.0,0.0,0.0,0.0,44674.91079512208,Pipeline load,Mistral7b
35,1705174257.2878022,inference,7.987150192260742,556755,2,574390.0,0.0,0.0,0.0,0.0,0.0,0.0,1131.145,25.040220251998356,Inference,Mistral7b
36,1705174271.4149508,tokenizer,0.2303023338317871,11722,2,10555.0,0.0,0.0,0.0,0.0,0.0,0.0,22.277,868.4236788763072,Tokenizer,Mistral7b
37,1705174271.6452532,model load,5.628305196762085,346790,2,316302.0,0.0,0.0,0.0,0.0,0.0,0.0,663.092,35.53467571642317,Model load,Mistral7b
38,1705174277.2735584,pipeline load,0.0044295787811279,0,2,0.0,0.0,0.0,0.0,0.0,0.0,0.0,0.0,45151.01996878226,Pipeline load,Mistral7b
39,1705174277.277988,inference,8.103089094161987,601382,2,580835.0,0.0,0.0,0.0,0.0,0.0,0.0,1182.217,24.681945079944082,Inference,Mistral7b
40,1705174291.4779525,tokenizer,0.2012941837310791,13194,2,10550.0,0.0,0.0,0.0,0.0,0.0,0.0,23.744,993.5706849195003,Tokenizer,Mistral7b
41,1705174291.679247,model load,20.651254892349243,1436823,2,1172513.0,0.0,0.0,0.0,0.0,0.0,0.0,2609.3360000000002,9.684641492372206,Model load,Mistral7b
42,1705174312.3305016,pipeline load,0.004573106765747,0,2,0.0,0.0,0.0,0.0,0.0,0.0,0.0,0.0,43733.94504978952,Pipeline load,Mistral7b
43,1705174312.335075,inference,8.362393856048584,943708,2,590794.0,0.0,0.0,0.0,0.0,0.0,0.0,1534.502,23.916596544342198,Inference,Mistral7b
44,1705174326.6465223,tokenizer,0.236915111541748,16681,2,10569.0,0.0,0.0,0.0,0.0,0.0,0.0,27.25,844.1842257274374,Tokenizer,Mistral7b
45,1705174326.8834374,model load,19.46901822090149,1427416,2,1108660.0,0.0,0.0,0.0,0.0,0.0,0.0,2536.076,10.272731666832826,Model load,Mistral7b
46,1705174346.3524556,pipeline load,0.0046544075012207,0,2,0.0,0.0,0.0,0.0,0.0,0.0,0.0,0.0,42970.02356315954,Pipeline load,Mistral7b
47,1705174346.35711,inference,8.122694730758667,629093,2,573665.0,0.0,0.0,0.0,0.0,0.0,0.0,1202.758,24.622370608444598,Inference,Mistral7b
48,1705174360.3425932,tokenizer,0.3966224193572998,26330,2,21132.0,0.0,0.0,0.0,0.0,0.0,0.0,47.462,504.2579295544782,Tokenizer,Mistral7b
49,1705174360.7392156,model load,22.113843202590942,1316043,2,1259632.0,0.0,0.0,0.0,0.0,0.0,0.0,2575.675,9.044108623170812,Model load,Mistral7b
50,1705174382.8530588,pipeline load,0.0072517395019531,0,2,0.0,0.0,0.0,0.0,0.0,0.0,0.0,0.0,27579.58968963713,Pipeline load,Mistral7b
51,1705174382.8603106,inference,7.984787225723267,564360,2,567490.0,0.0,0.0,0.0,0.0,0.0,0.0,1131.8500000000001,25.047630493608285,Inference,Mistral7b
52,1705174396.5420463,tokenizer,0.4662084579467773,29438,2,21130.0,0.0,0.0,0.0,0.0,0.0,0.0,50.568,428.99264608114885,Tokenizer,Mistral7b
53,1705174397.0082548,model load,22.636204957962036,1318627,2,1292317.0,0.0,0.0,0.0,0.0,0.0,0.0,2610.944,8.835403300660264,Model load,Mistral7b
54,1705174419.6444595,pipeline load,0.0045092105865478,0,2,0.0,0.0,0.0,0.0,0.0,0.0,0.0,0.0,44353.66150267063,Pipeline load,Mistral7b
55,1705174419.648969,inference,7.911512613296509,557095,2,561543.0,0.0,0.0,0.0,0.0,0.0,0.0,1118.638,25.27961589340948,Inference,Mistral7b
56,1705174432.5776355,tokenizer,0.196535587310791,11719,2,10581.0,0.0,0.0,0.0,0.0,0.0,0.0,22.3,1017.6274064998242,Tokenizer,Mistral7b
57,1705174432.774171,model load,17.429253339767456,1013249,2,1000681.0,0.0,0.0,0.0,0.0,0.0,0.0,2013.93,11.474960866147375,Model load,Mistral7b
58,1705174450.2034245,pipeline load,0.0073444843292236,5854,2,0.0,0.0,0.0,0.0,0.0,0.0,0.0,5.854,27231.319590975614,Pipeline load,Mistral7b
59,1705174450.210769,inference,8.122106790542603,562585,2,580266.0,0.0,0.0,0.0,0.0,0.0,0.0,1142.851,24.62415296396748,Inference,Mistral7b
60,1705174463.8118205,tokenizer,0.2095746994018554,11720,2,10574.0,0.0,0.0,0.0,0.0,0.0,0.0,22.294,954.3136674933451,Tokenizer,Mistral7b
61,1705174464.0213952,model load,20.19886565208435,1177222,2,1153182.0,0.0,0.0,0.0,0.0,0.0,0.0,2330.404,9.90154612862439,Model load,Mistral7b
62,1705174484.2202609,pipeline load,0.0057547092437744,0,2,0.0,0.0,0.0,0.0,0.0,0.0,0.0,0.0,34754.14508845349,Pipeline load,Mistral7b
63,1705174484.2260156,inference,8.068526983261108,563245,2,574197.0,0.0,0.0,0.0,0.0,0.0,0.0,1137.442,24.78767195237968,Inference,Mistral7b
64,1705174497.6635897,tokenizer,0.2530450820922851,11706,2,10572.0,0.0,0.0,0.0,0.0,0.0,0.0,22.278,790.3729973580769,Tokenizer,Mistral7b
65,1705174497.9166348,model load,6.771733999252319,398629,2,378376.0,0.0,0.0,0.0,0.0,0.0,0.0,777.005,29.534532812730447,Model load,Mistral7b
66,1705174504.6883688,pipeline load,0.0044476985931396,0,2,0.0,0.0,0.0,0.0,0.0,0.0,0.0,0.0,44967.07585097878,Pipeline load,Mistral7b
67,1705174504.6928165,inference,8.044602870941162,563237,2,574668.0,0.0,0.0,0.0,0.0,0.0,0.0,1137.905,24.86138883529516,Inference,Mistral7b
68,1705174517.8633003,tokenizer,0.2275276184082031,11707,2,10560.0,0.0,0.0,0.0,0.0,0.0,0.0,22.267,879.0141671556712,Tokenizer,Mistral7b
69,1705174518.090828,model load,19.73574948310852,1148065,2,1127667.0,0.0,0.0,0.0,0.0,0.0,0.0,2275.732,10.133894340885126,Model load,Mistral7b
70,1705174537.8265774,pipeline load,0.0050585269927978,0,2,0.0,0.0,0.0,0.0,0.0,0.0,0.0,0.0,39537.20130084406,Pipeline load,Mistral7b
71,1705174537.831636,inference,8.027008771896362,562682,2,573767.0,0.0,0.0,0.0,0.0,0.0,0.0,1136.449,24.915881579727046,Inference,Mistral7b
72,1705174551.327983,tokenizer,0.2639374732971191,11710,2,10572.0,0.0,0.0,0.0,0.0,0.0,0.0,22.282,757.7552270300642,Tokenizer,Mistral7b
73,1705174551.59192,model load,7.284239292144775,427918,2,407514.0,0.0,0.0,0.0,0.0,0.0,0.0,835.432,27.456538971156164,Model load,Mistral7b
74,1705174558.8761594,pipeline load,0.0047059059143066,0,2,0.0,0.0,0.0,0.0,0.0,0.0,0.0,0.0,42499.787212483905,Pipeline load,Mistral7b
75,1705174558.880865,inference,7.737715244293213,546468,2,556867.0,0.0,0.0,0.0,0.0,0.0,0.0,1103.335,25.84742313275301,Inference,Mistral7b
76,1705174571.6321042,tokenizer,0.2498078346252441,11706,2,10572.0,0.0,0.0,0.0,0.0,0.0,0.0,22.278,800.6154022352234,Tokenizer,Mistral7b
77,1705174571.881912,model load,7.636921882629395,445854,2,424257.0,0.0,0.0,0.0,0.0,0.0,0.0,870.111,26.18856171030257,Model load,Mistral7b
78,1705174579.518834,pipeline load,0.0044152736663818,0,2,0.0,0.0,0.0,0.0,0.0,0.0,0.0,0.0,45297.30547005814,Pipeline load,Mistral7b
79,1705174579.5232491,inference,8.004529237747192,564523,2,574998.0,0.0,0.0,0.0,0.0,0.0,0.0,1139.521,24.985854140784966,Inference,Mistral7b
80,1705174592.8243754,tokenizer,0.2001059055328369,11777,2,10562.0,0.0,0.0,0.0,0.0,0.0,0.0,22.339000000000002,999.470752586962,Tokenizer,Mistral7b
81,1705174593.0244813,model load,21.81948947906494,1273231,2,1242960.0,0.0,0.0,0.0,0.0,0.0,0.0,2516.1910000000003,9.166117300402156,Model load,Mistral7b
82,1705174614.8439708,pipeline load,0.0047488212585449,0,2,5817.0,0.0,0.0,0.0,0.0,0.0,0.0,5.817,42115.71442915974,Pipeline load,Mistral7b
83,1705174614.8487196,inference,8.021361112594604,564311,2,567616.0,0.0,0.0,0.0,0.0,0.0,0.0,1131.9270000000001,24.93342428954774,Inference,Mistral7b
84,1705174628.2127104,tokenizer,0.2683544158935547,11754,2,15854.0,0.0,0.0,0.0,0.0,0.0,0.0,27.608,745.2830590994705,Tokenizer,Mistral7b
85,1705174628.4810648,model load,5.580281734466553,329584,2,315886.0,0.0,0.0,0.0,0.0,0.0,0.0,645.47,35.84048431904469,Model load,Mistral7b
86,1705174634.0613463,pipeline load,0.004479169845581,0,2,0.0,0.0,0.0,0.0,0.0,0.0,0.0,0.0,44651.13110129399,Pipeline load,Mistral7b
87,1705174634.0658257,inference,8.0005362033844,565278,2,568634.0,0.0,0.0,0.0,0.0,0.0,0.0,1133.912,24.99832447672641,Inference,Mistral7b
88,1705174646.9149437,tokenizer,0.3383722305297851,17654,2,21163.0,0.0,0.0,0.0,0.0,0.0,0.0,38.817,591.0650519011638,Tokenizer,Mistral7b
89,1705174647.2533157,model load,4.247073411941528,247469,2,236058.0,0.0,0.0,0.0,0.0,0.0,0.0,483.527,47.09125098654017,Model load,Mistral7b
90,1705174651.500389,pipeline load,0.0056347846984863,0,2,0.0,0.0,0.0,0.0,0.0,0.0,0.0,0.0,35493.81399678447,Pipeline load,Mistral7b
91,1705174651.506024,inference,7.605978727340698,541359,2,552320.0,0.0,0.0,0.0,0.0,0.0,0.0,1093.679,26.295103782117284,Inference,Mistral7b
92,1705174663.950224,tokenizer,0.1857798099517822,11762,2,10577.0,0.0,0.0,0.0,0.0,0.0,0.0,22.339000000000002,1076.5432479014191,Tokenizer,Mistral7b
93,1705174664.1360035,model load,7.672876834869385,447260,2,425677.0,0.0,0.0,0.0,0.0,0.0,0.0,872.937,26.065842617347915,Model load,Mistral7b
94,1705174671.8088806,pipeline load,0.0061266422271728,5910,2,0.0,0.0,0.0,0.0,0.0,0.0,0.0,5.91,32644.30867416457,Pipeline load,Mistral7b
95,1705174671.8150072,inference,7.996657609939575,558943,2,575866.0,0.0,0.0,0.0,0.0,0.0,0.0,1134.809,25.010449334657864,Inference,Mistral7b
96,1705174684.7313516,tokenizer,0.2981240749359131,17651,2,15872.0,0.0,0.0,0.0,0.0,0.0,0.0,33.523,670.8616204276473,Tokenizer,Mistral7b
97,1705174685.0294757,model load,6.458346366882324,376427,2,355666.0,0.0,0.0,0.0,0.0,0.0,0.0,732.093,30.96767943967477,Model load,Mistral7b
98,1705174691.487822,pipeline load,0.0044548511505126,0,2,0.0,0.0,0.0,0.0,0.0,0.0,0.0,0.0,44894.87824458218,Pipeline load,Mistral7b
99,1705174691.492277,inference,7.552349328994751,557644,2,545914.0,0.0,0.0,0.0,0.0,0.0,0.0,1103.558,26.48182589120528,Inference,Mistral7b
100,1705174705.033399,tokenizer,0.2376115322113037,12632,2,15852.0,0.0,0.0,0.0,0.0,0.0,0.0,28.484,841.7099883104308,Tokenizer,Mistral7b
101,1705174705.2710109,model load,20.04603600502014,1288766,2,1139891.0,0.0,0.0,0.0,0.0,0.0,0.0,2428.657,9.977034858658035,Model load,Mistral7b
102,1705174725.3170469,pipeline load,0.0092713832855224,0,2,0.0,0.0,0.0,0.0,0.0,0.0,0.0,0.0,21571.75405662575,Pipeline load,Mistral7b
103,1705174725.3263185,inference,8.158600568771362,902647,2,578511.0,0.0,0.0,0.0,0.0,0.0,0.0,1481.1580000000001,24.514008047598146,Inference,Mistral7b
0,1705272181.893166,tokenizer,0.3817031383514404,21890,4,21373.0,21262.0,15709.0,0.0,0.0,0.0,0.0,80.234,523.9673974486861,Tokenizer,Mistral7b
1,1705272182.2748692,model load,33.812888860702515,2006785,4,1945561.0,1923487.0,1895556.0,0.0,0.0,0.0,0.0,7771.389,5.914904249203056,Model load,Mistral7b
2,1705272216.087758,pipeline load,0.0086927413940429,0,4,5865.0,0.0,0.0,0.0,0.0,0.0,0.0,5.865,23007.701590784603,Pipeline load,Mistral7b
3,1705272216.0964508,inference,12.681889295578005,812573,4,787707.0,785479.0,788878.0,0.0,0.0,0.0,0.0,3174.637,15.770520885223085,Inference,Mistral7b
4,1705272237.4168043,tokenizer,0.2501747608184814,10946,4,10680.0,10598.0,10482.0,0.0,0.0,0.0,0.0,42.706,799.4411560369731,Tokenizer,Mistral7b
5,1705272237.666979,model load,7.663028955459595,454572,4,436590.0,428485.0,418608.0,0.0,0.0,0.0,0.0,1738.255,26.09934024293464,Model load,Mistral7b
6,1705272245.330008,pipeline load,0.00901460647583,0,4,0.0,0.0,0.0,0.0,0.0,0.0,0.0,0.0,22186.215286961313,Pipeline load,Mistral7b
7,1705272245.3390226,inference,9.976640939712524,651444,4,634477.0,628384.0,640632.0,0.0,0.0,0.0,0.0,2554.937,20.046827505226723,Inference,Mistral7b
8,1705272263.878054,tokenizer,0.2860643863677978,16333,4,15942.0,15858.0,15679.0,0.0,0.0,0.0,0.0,63.812000000000005,699.1433031543347,Tokenizer,Mistral7b
9,1705272264.1641183,model load,24.933926343917847,1469458,4,1444021.0,1427241.0,1401011.0,0.0,0.0,0.0,0.0,5741.731,8.021199599347744,Model load,Mistral7b
10,1705272289.0980446,pipeline load,0.0090260505676269,0,4,0.0,0.0,0.0,0.0,0.0,0.0,0.0,0.0,22158.08547731008,Pipeline load,Mistral7b
11,1705272289.1070707,inference,9.524537563323976,626710,4,603945.0,592731.0,611518.0,0.0,0.0,0.0,0.0,2434.904,20.998394795579117,Inference,Mistral7b
12,1705272305.9248736,tokenizer,0.1968774795532226,10888,4,10635.0,10579.0,10450.0,0.0,0.0,0.0,0.0,42.552,1015.8602215645151,Tokenizer,Mistral7b
13,1705272306.121751,model load,24.905094385147095,1463338,4,1441272.0,1425066.0,1401031.0,0.0,0.0,0.0,0.0,5730.707,8.030485526658998,Model load,Mistral7b
14,1705272331.0268457,pipeline load,0.0087511539459228,0,4,0.0,0.0,0.0,0.0,0.0,0.0,0.0,0.0,22854.128865277347,Pipeline load,Mistral7b
15,1705272331.0355966,inference,9.754339933395386,645442,4,615729.0,609243.0,621644.0,0.0,0.0,0.0,0.0,2492.058,20.503693880430724,Inference,Mistral7b
16,1705272347.321154,tokenizer,0.2649610042572021,16340,4,15947.0,10603.0,10401.0,0.0,0.0,0.0,0.0,53.291000000000004,754.8280569085429,Tokenizer,Mistral7b
17,1705272347.5861151,model load,7.2080230712890625,424106,4,406721.0,404686.0,394954.0,0.0,0.0,0.0,0.0,1630.467,27.746859023889414,Model load,Mistral7b
18,1705272354.7941382,pipeline load,0.0086874961853027,0,4,0.0,0.0,0.0,0.0,0.0,0.0,0.0,0.0,23021.5928426369,Pipeline load,Mistral7b
19,1705272354.8028257,inference,9.870575428009031,642674,4,626908.0,614879.0,627497.0,0.0,0.0,0.0,0.0,2511.958,20.262243215575275,Inference,Mistral7b
20,1705272370.425697,tokenizer,0.3073148727416992,16349,4,15946.0,15852.0,15655.0,0.0,0.0,0.0,0.0,63.802,650.7983105916963,Tokenizer,Mistral7b
21,1705272370.733012,model load,23.813907146453857,1403708,4,1376536.0,1359719.0,1332571.0,0.0,0.0,0.0,0.0,5472.534000000001,8.398453843378746,Model load,Mistral7b
22,1705272394.546919,pipeline load,0.0108354091644287,0,4,0.0,0.0,0.0,0.0,0.0,0.0,0.0,0.0,18458.00162827031,Pipeline load,Mistral7b
23,1705272394.5577545,inference,9.635031700134276,631555,4,609235.0,603480.0,616013.0,0.0,0.0,0.0,0.0,2460.283,20.757586090475733,Inference,Mistral7b
24,1705272409.8534749,tokenizer,0.257361888885498,10893,4,15930.0,10587.0,10393.0,0.0,0.0,0.0,0.0,47.803000000000004,777.1158381922714,Tokenizer,Mistral7b
25,1705272410.1108367,model load,7.613034725189209,445250,4,426997.0,425145.0,414784.0,0.0,0.0,0.0,0.0,1712.176,26.270732660427914,Model load,Mistral7b
26,1705272417.7238717,pipeline load,0.0106170177459716,0,4,5834.0,0.0,0.0,0.0,0.0,0.0,0.0,5.8340000000000005,18837.681615054822,Pipeline load,Mistral7b
27,1705272417.7344885,inference,9.288028955459597,607189,4,586381.0,586205.0,592894.0,0.0,0.0,0.0,0.0,2372.669,21.533093938347168,Inference,Mistral7b
28,1705272432.4446754,tokenizer,0.3335745334625244,21688,4,15970.0,21144.0,20790.0,0.0,0.0,0.0,0.0,79.592,599.5661536988077,Tokenizer,Mistral7b
29,1705272432.77825,model load,6.034515619277954,352747,4,341732.0,335206.0,326676.0,0.0,0.0,0.0,0.0,1356.361,33.14267666506273,Model load,Mistral7b
30,1705272438.8127656,pipeline load,0.0090761184692382,0,4,0.0,0.0,0.0,0.0,0.0,0.0,0.0,0.0,22035.85163391845,Pipeline load,Mistral7b
31,1705272438.8218417,inference,9.605419874191284,625841,4,608815.0,596966.0,611084.0,0.0,0.0,0.0,0.0,2442.706,20.82157809023822,Inference,Mistral7b
32,1705272453.7631724,tokenizer,0.1510484218597412,10902,4,5319.0,10591.0,10400.0,0.0,0.0,0.0,0.0,37.212,1324.0787128892594,Tokenizer,Mistral7b
33,1705272453.9142208,model load,24.4926540851593,1445715,4,1417258.0,1399776.0,1372278.0,0.0,0.0,0.0,0.0,5635.027,8.165713658659184,Model load,Mistral7b
34,1705272478.406875,pipeline load,0.0124216079711914,0,4,0.0,0.0,5789.0,0.0,0.0,0.0,0.0,5.789,16100.975047984653,Pipeline load,Mistral7b
35,1705272478.4192965,inference,9.799216508865356,636845,4,620875.0,608948.0,622393.0,0.0,0.0,0.0,0.0,2489.061,20.409794989125906,Inference,Mistral7b
36,1705272493.3160331,tokenizer,0.2536323070526123,10909,4,15936.0,10569.0,10396.0,0.0,0.0,0.0,0.0,47.81,788.5430776707517,Tokenizer,Mistral7b
37,1705272493.5696654,model load,6.032986640930176,352981,4,341234.0,334143.0,325212.0,0.0,0.0,0.0,0.0,1353.57,33.15107622535091,Model load,Mistral7b
38,1705272499.602652,pipeline load,0.0089867115020751,0,4,0.0,0.0,0.0,0.0,0.0,0.0,0.0,0.0,22255.08184543573,Pipeline load,Mistral7b
39,1705272499.6116388,inference,8.96175217628479,596564,4,568159.0,568895.0,583163.0,0.0,0.0,0.0,0.0,2316.781,22.317064349230037,Inference,Mistral7b
40,1705272514.101266,tokenizer,0.1633369922637939,5449,4,10628.0,10586.0,10410.0,0.0,0.0,0.0,0.0,37.073,1224.4623659837835,Tokenizer,Mistral7b
41,1705272514.264603,model load,6.0247087478637695,352281,4,341650.0,334779.0,325862.0,0.0,0.0,0.0,0.0,1354.5720000000001,33.19662549179919,Model load,Mistral7b
42,1705272520.2893116,pipeline load,0.0102436542510986,0,4,0.0,0.0,0.0,0.0,0.0,0.0,0.0,0.0,19524.28255556855,Pipeline load,Mistral7b
43,1705272520.2995553,inference,9.135270357131958,603235,4,581124.0,573545.0,587948.0,0.0,0.0,0.0,0.0,2345.852,21.893167052670627,Inference,Mistral7b
44,1705272534.741863,tokenizer,0.1869399547576904,10887,4,10628.0,10568.0,10410.0,0.0,0.0,0.0,0.0,42.493,1069.8622467264308,Tokenizer,Mistral7b
45,1705272534.928803,model load,25.411046028137207,1499177,4,1469269.0,1445368.0,1422868.0,0.0,0.0,0.0,0.0,5836.682,7.870592960972307,Model load,Mistral7b
46,1705272560.339849,pipeline load,0.0087237358093261,0,4,0.0,0.0,5736.0,0.0,0.0,0.0,0.0,5.736,22925.957911998,Pipeline load,Mistral7b
47,1705272560.3485727,inference,10.031723976135254,648555,4,631917.0,626135.0,633224.0,0.0,0.0,0.0,0.0,2539.831,19.93675269333422,Inference,Mistral7b
48,1705272576.8245826,tokenizer,0.269927978515625,16368,4,15955.0,15875.0,15646.0,0.0,0.0,0.0,0.0,63.844,740.9383832673827,Tokenizer,Mistral7b
49,1705272577.0945106,model load,6.095824956893921,358509,4,341797.0,340352.0,325742.0,0.0,0.0,0.0,0.0,1366.4,32.80934105133957,Model load,Mistral7b
50,1705272583.1903355,pipeline load,0.010200023651123,0,4,0.0,0.0,5726.0,0.0,0.0,0.0,0.0,5.726,19607.797671918186,Pipeline load,Mistral7b
51,1705272583.2005355,inference,9.076739072799684,596607,4,580127.0,569432.0,582937.0,0.0,0.0,0.0,0.0,2329.103,22.034344977409468,Inference,Mistral7b
52,1705272598.483341,tokenizer,0.2134261131286621,10911,4,15993.0,10599.0,10390.0,0.0,0.0,0.0,0.0,47.893,937.0924535341733,Tokenizer,Mistral7b
53,1705272598.696767,model load,26.32953000068665,1553849,4,1517744.0,1504191.0,1477667.0,0.0,0.0,0.0,0.0,6053.451,7.596033806709964,Model load,Mistral7b
54,1705272625.026297,pipeline load,0.0102860927581787,0,4,5858.0,0.0,0.0,0.0,0.0,0.0,0.0,5.8580000000000005,19443.728994274872,Pipeline load,Mistral7b
55,1705272625.0365832,inference,9.915172338485718,650174,4,620740.0,614125.0,627687.0,0.0,0.0,0.0,0.0,2512.726,20.171106781845886,Inference,Mistral7b
56,1705272641.1885648,tokenizer,0.2267093658447265,10901,4,10645.0,10596.0,10416.0,0.0,0.0,0.0,0.0,42.558,882.186755958641,Tokenizer,Mistral7b
57,1705272641.415274,model load,6.15419864654541,358285,4,352906.0,340562.0,336905.0,0.0,0.0,0.0,0.0,1388.6580000000001,32.49813850455863,Model load,Mistral7b
58,1705272647.5694728,pipeline load,0.008955955505371,0,4,0.0,0.0,0.0,0.0,0.0,0.0,0.0,0.0,22331.50889149209,Pipeline load,Mistral7b
59,1705272647.5784287,inference,9.631504535675049,631854,4,609119.0,603113.0,609488.0,0.0,0.0,0.0,0.0,2453.574,20.765187750179727,Inference,Mistral7b
60,1705272663.5507672,tokenizer,0.1954610347747802,10888,4,10646.0,10582.0,10409.0,0.0,0.0,0.0,0.0,42.525,1023.2218417878009,Tokenizer,Mistral7b
61,1705272663.7462282,model load,6.138931512832642,358370,4,347727.0,340687.0,331345.0,0.0,0.0,0.0,0.0,1378.1290000000001,32.57895931595358,Model load,Mistral7b
62,1705272669.8851595,pipeline load,0.0088388919830322,0,4,0.0,0.0,5725.0,0.0,0.0,0.0,0.0,5.7250000000000005,22627.27052032483,Pipeline load,Mistral7b
63,1705272669.8939986,inference,8.960791110992432,589692,4,568056.0,562177.0,576191.0,0.0,0.0,0.0,0.0,2296.116,22.31945790530201,Inference,Mistral7b
64,1705272684.7030768,tokenizer,0.1762940883636474,5451,4,10645.0,10572.0,10410.0,0.0,0.0,0.0,0.0,37.078,1134.4679895757688,Tokenizer,Mistral7b
65,1705272684.879371,model load,25.795633792877197,1524189,4,1487388.0,1474475.0,1444390.0,0.0,0.0,0.0,0.0,5930.442,7.753250088983077,Model load,Mistral7b
66,1705272710.6750047,pipeline load,0.0151021480560302,0,4,5841.0,0.0,0.0,0.0,0.0,0.0,0.0,5.841,13243.149203542682,Pipeline load,Mistral7b
67,1705272710.6901069,inference,9.768313646316528,636619,4,614124.0,608455.0,621501.0,0.0,0.0,0.0,0.0,2480.699,20.474363051949783,Inference,Mistral7b
68,1705272726.434607,tokenizer,0.2904443740844726,10902,4,15940.0,15855.0,15586.0,0.0,0.0,0.0,0.0,58.283,688.6000137907032,Tokenizer,Mistral7b
69,1705272726.7250514,model load,6.371569871902466,374286,4,357421.0,356035.0,341201.0,0.0,0.0,0.0,0.0,1428.943,31.389438399155885,Model load,Mistral7b
70,1705272733.0966213,pipeline load,0.0097687244415283,0,4,5863.0,0.0,0.0,0.0,0.0,0.0,0.0,5.863,20473.502062333777,Pipeline load,Mistral7b
71,1705272733.10639,inference,9.831175088882446,643731,4,614041.0,614429.0,626718.0,0.0,0.0,0.0,0.0,2498.919,20.34344808141698,Inference,Mistral7b
72,1705272748.769635,tokenizer,0.2008905410766601,10895,4,10620.0,10574.0,10418.0,0.0,0.0,0.0,0.0,42.507,995.567033311338,Tokenizer,Mistral7b
73,1705272748.9705255,model load,22.765745162963867,1337810,4,1315896.0,1293844.0,1271195.0,0.0,0.0,0.0,0.0,5218.745,8.785128646936064,Model load,Mistral7b
74,1705272771.736271,pipeline load,0.0087885856628417,0,4,0.0,0.0,5711.0,0.0,0.0,0.0,0.0,5.711,22756.79019044027,Pipeline load,Mistral7b
75,1705272771.7450593,inference,9.904792547225952,649096,4,626297.0,620715.0,627075.0,0.0,0.0,0.0,0.0,2523.183,20.19224522335041,Inference,Mistral7b
76,1705272787.3209257,tokenizer,0.3062388896942138,16337,4,15937.0,15853.0,15592.0,0.0,0.0,0.0,0.0,63.719,653.0849174633057,Tokenizer,Mistral7b
77,1705272787.6271646,model load,6.107226133346558,357741,4,346936.0,339960.0,330569.0,0.0,0.0,0.0,0.0,1375.2060000000001,32.74809146299068,Model load,Mistral7b
78,1705272793.7343907,pipeline load,0.0087277889251708,0,4,0.0,0.0,0.0,0.0,0.0,0.0,0.0,0.0,22915.311279263788,Pipeline load,Mistral7b
79,1705272793.7431183,inference,9.000897884368896,595797,4,567901.0,568017.0,581636.0,0.0,0.0,0.0,0.0,2313.351,22.220005444937133,Inference,Mistral7b
80,1705272808.3678775,tokenizer,0.2290172576904297,10902,4,15965.0,10574.0,10398.0,0.0,0.0,0.0,0.0,47.839,873.2966328255782,Tokenizer,Mistral7b
81,1705272808.5968947,model load,7.7653968334198,452733,4,439625.0,431946.0,420973.0,0.0,0.0,0.0,0.0,1745.277,25.755283894734596,Model load,Mistral7b
82,1705272816.3622916,pipeline load,0.0090055465698242,0,4,0.0,0.0,0.0,0.0,0.0,0.0,0.0,0.0,22208.53542306475,Pipeline load,Mistral7b
83,1705272816.3712971,inference,9.682841062545776,637745,4,608468.0,602757.0,621602.0,0.0,0.0,0.0,0.0,2470.572,20.65509479171568,Inference,Mistral7b
84,1705272831.111515,tokenizer,0.1969175338745117,10889,4,10620.0,10563.0,10392.0,0.0,0.0,0.0,0.0,42.464,1015.6535889153104,Tokenizer,Mistral7b
85,1705272831.3084326,model load,6.590446710586548,379419,4,367753.0,360645.0,351017.0,0.0,0.0,0.0,0.0,1458.834,30.346956554360798,Model load,Mistral7b
86,1705272837.8988793,pipeline load,0.0103087425231933,0,4,0.0,0.0,0.0,0.0,0.0,0.0,0.0,0.0,19401.00837226525,Pipeline load,Mistral7b
87,1705272837.909188,inference,9.828843593597412,643363,4,620101.0,614001.0,627374.0,0.0,0.0,0.0,0.0,2504.839,20.34827374100058,Inference,Mistral7b
88,1705272853.0998695,tokenizer,0.2893710136413574,10898,4,15928.0,15853.0,15578.0,0.0,0.0,0.0,0.0,58.257,691.1542295935602,Tokenizer,Mistral7b
89,1705272853.3892405,model load,22.39779496192932,1319573,4,1293117.0,1276326.0,1253419.0,0.0,0.0,0.0,0.0,5142.435,8.929450436525125,Model load,Mistral7b
90,1705272875.7870357,pipeline load,0.009523868560791,0,4,0.0,0.0,0.0,0.0,0.0,0.0,0.0,0.0,20999.86982426279,Pipeline load,Mistral7b
91,1705272875.796559,inference,9.890432119369509,649042,4,625954.0,620221.0,633199.0,0.0,0.0,0.0,0.0,2528.416,20.221563384305348,Inference,Mistral7b
92,1705272891.329005,tokenizer,0.1591157913208007,10884,4,5326.0,5280.0,5206.0,0.0,0.0,0.0,0.0,26.696,1256.9462674937822,Tokenizer,Mistral7b
93,1705272891.4881208,model load,7.329109191894531,424350,4,417769.0,409946.0,400013.0,0.0,0.0,0.0,0.0,1652.078,27.288445943906204,Model load,Mistral7b
94,1705272898.81723,pipeline load,0.0087900161743164,5957,4,0.0,0.0,0.0,0.0,0.0,0.0,0.0,5.957,22753.08668764242,Pipeline load,Mistral7b
95,1705272898.82602,inference,9.75836443901062,638084,4,613831.0,608114.0,621382.0,0.0,0.0,0.0,0.0,2481.411,20.49523782904316,Inference,Mistral7b
96,1705272914.1604743,tokenizer,0.2668755054473877,16336,4,15946.0,10567.0,10400.0,0.0,0.0,0.0,0.0,53.249,749.4131005568375,Tokenizer,Mistral7b
97,1705272914.42735,model load,21.666203022003177,1272564,4,1246167.0,1235552.0,1212890.0,0.0,0.0,0.0,0.0,4967.173,9.230966764083647,Model load,Mistral7b
98,1705272936.093553,pipeline load,0.0090687274932861,0,4,0.0,0.0,0.0,0.0,0.0,0.0,0.0,0.0,22053.81076320433,Pipeline load,Mistral7b
99,1705272936.1026218,inference,9.73532223701477,636708,4,613717.0,608235.0,621649.0,0.0,0.0,0.0,0.0,2480.309,20.543747308083745,Inference,Mistral7b
100,1705272951.4659035,tokenizer,0.1549029350280761,10887,4,10627.0,5284.0,5196.0,0.0,0.0,0.0,0.0,31.994,1291.1311200381715,Tokenizer,Mistral7b
101,1705272951.6208065,model load,7.193773984909058,417998,4,406284.0,404402.0,394122.0,0.0,0.0,0.0,0.0,1622.806,27.80181868648579,Model load,Mistral7b
102,1705272958.8145804,pipeline load,0.0105326175689697,5944,4,0.0,0.0,0.0,0.0,0.0,0.0,0.0,5.944,18988.632093623426,Pipeline load,Mistral7b
103,1705272958.825113,inference,9.719743013381958,630272,4,614589.0,608548.0,621580.0,0.0,0.0,0.0,0.0,2474.989,20.576675712994035,Inference,Mistral7b
0,1705271194.1705692,tokenizer,0.4868538379669189,19984,8,25970.0,22155.0,25471.0,25992.0,25031.0,26930.0,26159.0,197.692,410.80091067001047,Tokenizer,Mistral7b
1,1705271194.657423,model load,37.74960780143738,2073124,8,2107483.0,2243481.0,2083553.0,2095261.0,2040457.0,2165409.0,2118917.0,16927.685,5.298068288603112,Model load,Mistral7b
2,1705271232.4070308,pipeline load,0.0176291465759277,0,8,0.0,0.0,0.0,0.0,0.0,0.0,0.0,0.0,11344.84866517002,Pipeline load,Mistral7b
3,1705271232.42466,inference,15.243488550186155,883475,8,893946.0,948145.0,880787.0,894223.0,875499.0,927179.0,901145.0,7204.399,13.12035623220628,Inference,Mistral7b
4,1705271261.736776,tokenizer,0.2516906261444092,14974,8,15561.0,11083.0,15299.0,15576.0,9955.0,10760.0,10412.0,103.62,794.6263357668659,Tokenizer,Mistral7b
5,1705271261.9884667,model load,35.10258889198303,1926931,8,1977327.0,2098824.0,1951327.0,1961087.0,1909624.0,2035942.0,1980820.0,15841.882,5.697585457740336,Model load,Mistral7b
6,1705271297.0910556,pipeline load,0.019007921218872,0,8,0.0,6077.0,0.0,0.0,0.0,0.0,0.0,6.077,10521.929131389188,Pipeline load,Mistral7b
7,1705271297.1100636,inference,12.691370487213137,745655,8,744862.0,789114.0,738161.0,750297.0,735812.0,773464.0,761804.0,6039.169,15.758739389217645,Inference,Mistral7b
8,1705271319.606578,tokenizer,0.2588906288146972,9969,8,10357.0,16602.0,15270.0,15579.0,14941.0,10768.0,15595.0,109.081,772.5269968854354,Tokenizer,Mistral7b
9,1705271319.8654685,model load,10.432843923568726,568498,8,580641.0,613790.0,560230.0,562753.0,546003.0,580835.0,560092.0,4572.842,19.170228315999452,Model load,Mistral7b
10,1705271330.2983124,pipeline load,0.0192079544067382,0,8,0.0,0.0,5653.0,0.0,0.0,0.0,0.0,5.6530000000000005,10412.35291197065,Pipeline load,Mistral7b
11,1705271330.3175204,inference,12.96315050125122,761637,8,760427.0,808123.0,756103.0,759283.0,746191.0,790723.0,772111.0,6154.598,15.42834822296445,Inference,Mistral7b
12,1705271352.9698577,tokenizer,0.3285019397735595,19955,8,15591.0,16659.0,15271.0,15552.0,19896.0,21536.0,20810.0,145.27,608.8244110152363,Tokenizer,Mistral7b
13,1705271353.2983596,model load,12.116020441055298,658003,8,672416.0,716798.0,661716.0,664076.0,635299.0,675575.0,653139.0,5337.022,16.507070202877614,Model load,Mistral7b
14,1705271365.41438,pipeline load,0.0183513164520263,0,8,5714.0,0.0,0.0,0.0,0.0,0.0,0.0,5.714,10898.400696366203,Pipeline load,Mistral7b
15,1705271365.4327314,inference,12.630515813827516,744679,8,739111.0,790731.0,739284.0,737939.0,729697.0,771819.0,756020.0,6009.28,15.834666053863446,Inference,Mistral7b
16,1705271386.625533,tokenizer,0.2886319160461426,14925,8,15517.0,16596.0,15285.0,10392.0,14923.0,16141.0,15609.0,119.388,692.9240630756395,Tokenizer,Mistral7b
17,1705271386.9141653,model load,36.24455213546753,1989325,8,2045894.0,2165575.0,2012582.0,2029013.0,1975905.0,2097867.0,2044475.0,16360.636,5.518070667626975,Model load,Mistral7b
18,1705271423.1587174,pipeline load,0.0233216285705566,0,8,0.0,0.0,0.0,0.0,0.0,0.0,5835.0,5.835,8575.730438160681,Pipeline load,Mistral7b
19,1705271423.182039,inference,13.39425778388977,789320,8,784765.0,839551.0,778879.0,783448.0,768722.0,813343.0,796789.0,6354.817,14.931771750768771,Inference,Mistral7b
20,1705271447.035168,tokenizer,0.3037524223327636,14968,8,15533.0,16596.0,15258.0,15553.0,14955.0,16136.0,15622.0,124.62100000000001,658.4309631641328,Tokenizer,Mistral7b
21,1705271447.3389204,model load,11.7107253074646,636330,8,655581.0,687546.0,634817.0,642127.0,619604.0,652013.0,630666.0,5158.684,17.078361480523917,Model load,Mistral7b
22,1705271459.0496457,pipeline load,0.020143985748291,0,8,0.0,0.0,0.0,0.0,0.0,5916.0,5821.0,11.737,9928.521718546583,Pipeline load,Mistral7b
23,1705271459.0697896,inference,12.721734285354614,749739,8,744325.0,797307.0,745183.0,749122.0,729272.0,772136.0,755605.0,6042.689,15.721126971677279,Inference,Mistral7b
24,1705271481.7342503,tokenizer,0.2762806415557861,9963,8,15588.0,11069.0,10178.0,10369.0,14929.0,16149.0,15645.0,103.89,723.9016055332866,Tokenizer,Mistral7b
25,1705271482.0105312,model load,36.48204040527344,2003930,8,2056662.0,2182895.0,2028059.0,2038424.0,1986155.0,2109274.0,2061083.0,16466.482,5.482149511875718,Model load,Mistral7b
26,1705271518.4925716,pipeline load,0.0177249908447265,0,8,0.0,0.0,5658.0,0.0,0.0,0.0,0.0,5.658,11283.503712471793,Pipeline load,Mistral7b
27,1705271518.5102966,inference,12.284698724746704,722674,8,721113.0,773400.0,717266.0,721798.0,707633.0,748425.0,731623.0,5843.932,16.28041553816158,Inference,Mistral7b
28,1705271541.6530857,tokenizer,0.3437917232513428,19911,8,20770.0,16577.0,15276.0,15551.0,19927.0,16197.0,15633.0,139.842,581.7475711996183,Tokenizer,Mistral7b
29,1705271541.9968772,model load,10.281422853469849,557340,8,569495.0,601474.0,554110.0,556135.0,534909.0,568933.0,553528.0,4495.924,19.45256049190726,Model load,Mistral7b
30,1705271552.2783,pipeline load,0.0201842784881591,0,8,0.0,0.0,5657.0,0.0,0.0,5922.0,0.0,11.579,9908.701969075979,Pipeline load,Mistral7b
31,1705271552.2984843,inference,12.297651529312134,722828,8,727850.0,772947.0,716477.0,726855.0,713591.0,748122.0,738478.0,5867.148,16.263267789243248,Inference,Mistral7b
32,1705271573.8262625,tokenizer,0.264601469039917,14945,8,15585.0,11056.0,10182.0,10364.0,14945.0,10762.0,15605.0,103.444,755.8537022703703,Tokenizer,Mistral7b
33,1705271574.090864,model load,12.217824935913086,663731,8,684612.0,723228.0,667364.0,669684.0,646098.0,686968.0,659297.0,5400.982,16.369525758395817,Model load,Mistral7b
34,1705271586.3086889,pipeline load,0.018317699432373,0,8,0.0,0.0,0.0,0.0,0.0,0.0,0.0,0.0,10918.401666015909,Pipeline load,Mistral7b
35,1705271586.3270066,inference,12.673921585083008,744736,8,744950.0,790239.0,739195.0,743672.0,730139.0,772435.0,754933.0,6020.299,15.78043533387461,Inference,Mistral7b
36,1705271606.492059,tokenizer,0.3542087078094482,14987,8,20789.0,16572.0,15284.0,20726.0,19887.0,21597.0,20831.0,150.673,564.6388572343991,Tokenizer,Mistral7b
37,1705271606.8462677,model load,36.08621263504028,1984654,8,2036641.0,2161271.0,2008843.0,2018738.0,1966929.0,2089652.0,2035460.0,16302.188,5.542282921810332,Model load,Mistral7b
38,1705271642.9324803,pipeline load,0.0174524784088134,0,8,0.0,0.0,5658.0,0.0,0.0,0.0,5799.0,11.457,11459.690441387464,Pipeline load,Mistral7b
39,1705271642.9499328,inference,12.753501176834106,750135,8,750847.0,796320.0,738525.0,749522.0,734774.0,778686.0,755427.0,6054.236,15.681968208329083,Inference,Mistral7b
40,1705271664.6520147,tokenizer,0.281836986541748,14969,8,15539.0,16589.0,15275.0,15571.0,14960.0,16141.0,10411.0,119.455,709.6300682677586,Tokenizer,Mistral7b
41,1705271664.9338517,model load,10.45898938179016,568730,8,580647.0,613683.0,565741.0,567753.0,546161.0,581359.0,565388.0,4589.462,19.12230643891982,Model load,Mistral7b
42,1705271675.392841,pipeline load,0.0210809707641601,0,8,0.0,0.0,0.0,0.0,0.0,0.0,0.0,0.0,9487.229133680188,Pipeline load,Mistral7b
43,1705271675.413922,inference,12.539406538009644,739734,8,738282.0,784507.0,734006.0,737711.0,723384.0,765575.0,743796.0,5966.995,15.949718146050763,Inference,Mistral7b
44,1705271696.89142,tokenizer,0.3526065349578857,19927,8,15588.0,16543.0,20357.0,15523.0,14912.0,16141.0,20829.0,139.82,567.204462117775,Tokenizer,Mistral7b
45,1705271697.244027,model load,33.383201360702515,1832462,8,1880361.0,1995282.0,1855886.0,1863157.0,1814213.0,1927922.0,1882142.0,15051.425000000001,5.991037163842312,Model load,Mistral7b
46,1705271730.627228,pipeline load,0.0174701213836669,0,8,5700.0,6060.0,0.0,0.0,5572.0,0.0,0.0,17.332,11448.11736608672,Pipeline load,Mistral7b
47,1705271730.644698,inference,12.620150566101074,739689,8,739219.0,783757.0,733253.0,743477.0,724769.0,772765.0,755608.0,5992.537,15.847671464175637,Inference,Mistral7b
48,1705271752.2926605,tokenizer,0.2850179672241211,14969,8,15586.0,16571.0,15257.0,15553.0,14934.0,16182.0,10404.0,119.456,701.7101481280721,Tokenizer,Mistral7b
49,1705271752.5776784,model load,10.125815868377686,551923,8,564362.0,590284.0,549431.0,545251.0,529762.0,557898.0,542725.0,4431.636,19.75149485233955,Model load,Mistral7b
50,1705271762.7034943,pipeline load,0.0184218883514404,0,8,0.0,6065.0,0.0,5699.0,0.0,0.0,0.0,11.764000000000001,10856.650316435236,Pipeline load,Mistral7b
51,1705271762.7219162,inference,12.268678903579712,722329,8,722598.0,766708.0,716821.0,721140.0,707208.0,754986.0,732672.0,5844.462,16.301673682375426,Inference,Mistral7b
52,1705271783.801397,tokenizer,0.3453462123870849,14951,8,20836.0,22139.0,15257.0,20737.0,14922.0,21551.0,20839.0,151.232,579.1289807916813,Tokenizer,Mistral7b
53,1705271784.1467435,model load,11.931995153427124,652845,8,667862.0,700164.0,652323.0,648382.0,630750.0,665102.0,642600.0,5260.028,16.76165615459169,Model load,Mistral7b
54,1705271796.0787387,pipeline load,0.0197219848632812,0,8,0.0,6067.0,0.0,5686.0,0.0,5915.0,5794.0,23.462,10140.967117988419,Pipeline load,Mistral7b
55,1705271796.098461,inference,12.636155605316162,746081,8,738596.0,784769.0,739247.0,737304.0,729151.0,766555.0,749645.0,5991.348,15.827598697491341,Inference,Mistral7b
56,1705271816.0584085,tokenizer,0.2736620903015136,14979,8,15571.0,16608.0,10168.0,15536.0,9952.0,16175.0,15638.0,114.627,730.8282991613684,Tokenizer,Mistral7b
57,1705271816.3320704,model load,34.72613501548767,1907154,8,1957000.0,2077570.0,1937062.0,1939792.0,1895286.0,2009024.0,1960174.0,15683.062,5.75935098768697,Model load,Mistral7b
58,1705271851.0582054,pipeline load,0.0175802707672119,0,8,5728.0,6065.0,0.0,5686.0,0.0,0.0,0.0,17.479,11376.389058410305,Pipeline load,Mistral7b
59,1705271851.0757856,inference,12.806822538375854,755179,8,750069.0,797766.0,745265.0,749805.0,735288.0,784649.0,767657.0,6085.678,15.616676142790041,Inference,Mistral7b
60,1705271872.6425588,tokenizer,0.3107483386993408,14975,8,15553.0,16612.0,15275.0,15545.0,19887.0,16225.0,15609.0,129.681,643.6076242180865,Tokenizer,Mistral7b
61,1705271872.9533072,model load,12.03198528289795,657609,8,671886.0,710894.0,656054.0,658317.0,629577.0,671153.0,652843.0,5308.3330000000005,16.622360757395246,Model load,Mistral7b
62,1705271884.9852924,pipeline load,0.0285675525665283,0,8,0.0,0.0,0.0,0.0,5581.0,5919.0,0.0,11.5,7000.94975004382,Pipeline load,Mistral7b
63,1705271885.01386,inference,12.875453233718872,756529,8,755543.0,802813.0,757446.0,756190.0,739296.0,784640.0,767055.0,6119.512,15.53343376497459,Inference,Mistral7b
64,1705271906.473612,tokenizer,0.2371306419372558,14960,8,10399.0,11028.0,10159.0,10359.0,9955.0,10780.0,15617.0,93.257,843.4169383007006,Tokenizer,Mistral7b
65,1705271906.7107427,model load,33.67097330093384,1846392,8,1900034.0,2016199.0,1874868.0,1882961.0,1834185.0,1949690.0,1902187.0,15206.516,5.939834236821813,Model load,Mistral7b
66,1705271940.381716,pipeline load,0.0174789428710937,0,8,0.0,0.0,0.0,0.0,5565.0,5924.0,0.0,11.489,11442.339589698853,Pipeline load,Mistral7b
67,1705271940.399195,inference,12.374900817871094,728092,8,727079.0,773017.0,722789.0,727391.0,713145.0,754940.0,738522.0,5884.975,16.161745693441997,Inference,Mistral7b
68,1705271961.3039713,tokenizer,0.3352203369140625,19971,8,20763.0,16629.0,20335.0,15539.0,14916.0,16165.0,15614.0,139.93200000000002,596.6225135418089,Tokenizer,Mistral7b
69,1705271961.6391916,model load,10.108449697494509,547191,8,558679.0,595818.0,544048.0,550889.0,530302.0,558183.0,543526.0,4428.636,19.785427635809693,Model load,Mistral7b
70,1705271971.747641,pipeline load,0.0174403190612792,0,8,0.0,0.0,0.0,0.0,0.0,5919.0,0.0,5.9190000000000005,11467.680109364384,Pipeline load,Mistral7b
71,1705271971.7650816,inference,12.312543153762816,729863,8,728103.0,767185.0,722715.0,727064.0,707047.0,749109.0,732381.0,5863.467000000001,16.243597890568882,Inference,Mistral7b
72,1705271993.1028397,tokenizer,0.280536413192749,10006,8,10402.0,16574.0,10185.0,15607.0,14942.0,16126.0,15622.0,109.464,712.9199298010037,Tokenizer,Mistral7b
73,1705271993.383376,model load,36.86082053184509,2028142,8,2081408.0,2210445.0,2055967.0,2065090.0,2006199.0,2133006.0,2086966.0,16667.223,5.425815191151657,Model load,Mistral7b
74,1705272030.244197,pipeline load,0.017651081085205,0,8,0.0,0.0,0.0,0.0,5564.0,0.0,0.0,5.564,11330.750736148308,Pipeline load,Mistral7b
75,1705272030.2618475,inference,12.74308729171753,752095,8,751279.0,796383.0,745474.0,743825.0,728289.0,779043.0,761549.0,6057.937,15.694783800939007,Inference,Mistral7b
76,1705272052.518341,tokenizer,0.253716230392456,14966,8,10362.0,16527.0,10210.0,15535.0,14929.0,10766.0,15601.0,108.896,788.2822462348345,Tokenizer,Mistral7b
77,1705272052.7720573,model load,10.185134887695312,553029,8,564675.0,596723.0,550143.0,551645.0,530719.0,570032.0,543796.0,4460.762,19.636460607077527,Model load,Mistral7b
78,1705272062.9571922,pipeline load,0.0174677371978759,0,8,5710.0,0.0,5872.0,0.0,0.0,0.0,0.0,11.582,11449.679929024824,Pipeline load,Mistral7b
79,1705272062.97466,inference,12.31766438484192,728835,8,722169.0,773235.0,716890.0,726366.0,712707.0,748392.0,738319.0,5866.9130000000005,16.236844400966092,Inference,Mistral7b
80,1705272084.6672363,tokenizer,0.2679300308227539,9971,8,15530.0,16552.0,15272.0,15556.0,14904.0,10771.0,15608.0,114.164,746.4635426862909,Tokenizer,Mistral7b
81,1705272084.9351664,model load,11.407795667648315,624447,8,638508.0,669048.0,623371.0,619568.0,597328.0,641129.0,613197.0,5026.5960000000005,17.531870821212685,Model load,Mistral7b
82,1705272096.342962,pipeline load,0.0186128616333007,0,8,0.0,0.0,0.0,0.0,0.0,0.0,0.0,0.0,10745.257980222415,Pipeline load,Mistral7b
83,1705272096.361575,inference,12.722768306732178,750070,8,744891.0,797133.0,740307.0,748319.0,734648.0,771811.0,761434.0,6048.613,15.71984926379357,Inference,Mistral7b
84,1705272118.4997635,tokenizer,0.3189263343811035,14944,8,15578.0,16573.0,15267.0,15551.0,14910.0,16149.0,15620.0,124.592,627.1040627238027,Tokenizer,Mistral7b
85,1705272118.8186898,model load,31.22334122657776,1717967,8,1762427.0,1864796.0,1739100.0,1740662.0,1694923.0,1807970.0,1757609.0,14085.454,6.405464378352856,Model load,Mistral7b
86,1705272150.042031,pipeline load,0.0188174247741699,0,8,0.0,6074.0,0.0,0.0,0.0,0.0,5816.0,11.89,10628.446899627512,Pipeline load,Mistral7b
87,1705272150.0608485,inference,12.790518760681152,750148,8,749936.0,797424.0,744496.0,754481.0,740521.0,778641.0,761930.0,6077.577,15.63658235777054,Inference,Mistral7b
88,1705272172.7104192,tokenizer,0.3124632835388183,14960,8,15568.0,16574.0,15271.0,15548.0,14939.0,16149.0,15615.0,124.62400000000001,640.0752041484368,Tokenizer,Mistral7b
89,1705272173.0228825,model load,32.39912819862366,1778113,8,1829866.0,1936172.0,1805310.0,1807502.0,1760170.0,1876962.0,1825184.0,14619.279,6.173005606011836,Model load,Mistral7b
90,1705272205.422011,pipeline load,0.0192933082580566,0,8,0.0,0.0,0.0,0.0,0.0,0.0,0.0,0.0,10366.288524752254,Pipeline load,Mistral7b
91,1705272205.441304,inference,12.69478702545166,750639,8,746317.0,797631.0,738913.0,750610.0,734446.0,772583.0,762794.0,6053.933,15.754498251843206,Inference,Mistral7b
92,1705272227.702805,tokenizer,0.3973379135131836,19993,8,20754.0,22159.0,20340.0,20728.0,19892.0,21567.0,20825.0,166.258,503.3499024335216,Tokenizer,Mistral7b
93,1705272228.100143,model load,30.43770217895508,1665844,8,1714501.0,1814293.0,1690279.0,1692288.0,1652634.0,1757526.0,1707733.0,13695.098,6.570798243051406,Model load,Mistral7b
94,1705272258.5378451,pipeline load,0.0188961029052734,0,8,0.0,6059.0,0.0,5787.0,0.0,0.0,5812.0,17.658,10584.192994852147,Pipeline load,Mistral7b
95,1705272258.5567412,inference,12.652043342590332,744626,8,745811.0,789841.0,739876.0,744168.0,729296.0,772026.0,751061.0,6016.705,15.807723273184168,Inference,Mistral7b
96,1705272279.7626846,tokenizer,0.2916319370269775,14962,8,15554.0,11054.0,15265.0,15544.0,14910.0,16191.0,15651.0,119.131,685.7959455294464,Tokenizer,Mistral7b
97,1705272280.0543163,model load,30.780370950698853,1688905,8,1732089.0,1843862.0,1708147.0,1715841.0,1670235.0,1776032.0,1731768.0,13866.879,6.497647488405565,Model load,Mistral7b
98,1705272310.8346877,pipeline load,0.0175421237945556,0,8,0.0,0.0,0.0,0.0,0.0,0.0,0.0,0.0,11401.128069913193,Pipeline load,Mistral7b
99,1705272310.8522296,inference,12.871696472167969,754323,8,756298.0,804008.0,755462.0,755757.0,741320.0,785353.0,768338.0,6120.859,15.53796738700708,Inference,Mistral7b
100,1705272331.8225057,tokenizer,0.2791972160339355,9981,8,15555.0,11076.0,15324.0,15613.0,14939.0,16144.0,15604.0,114.236,716.3395210061502,Tokenizer,Mistral7b
101,1705272332.101703,model load,10.236606359481812,558179,8,570557.0,602471.0,555892.0,557688.0,530951.0,565091.0,549802.0,4490.631,19.537725001484205,Model load,Mistral7b
102,1705272342.3383093,pipeline load,0.0179677009582519,0,8,0.0,0.0,0.0,0.0,5566.0,5919.0,0.0,11.485,11131.084631511934,Pipeline load,Mistral7b
103,1705272342.356277,inference,13.136741161346436,773483,8,774359.0,820908.0,765766.0,773613.0,752374.0,796566.0,785525.0,6242.594,15.224475959721294,Inference,Mistral7b
