1711716193.6277997,tokenizer,0.30416154861450195,11660797,13497219,7696000,32,0,0,Llama-2-7b-chat-hf,1,startup,0,32,palmetto-v100,5,16384.0,14157.1875
1711716193.9319613,model load,21.56447434425354,1319271709,1392146338,719604000,32,0,0,Llama-2-7b-chat-hf,1,startup,0,32,palmetto-v100,5,16384.0,14157.1875
1711716215.5153275,start-inference-A-0,8.659450054168701,326506306,412555096,760649000,32,9,0,Llama-2-7b-chat-hf,1,What is the largest city in France?,41,32,palmetto-v100,3,16384.0,14513.1875
1711716224.1932638,start-inference-A-1,6.705075263977051,247288003,325745320,688051000,32,9,1,Llama-2-7b-chat-hf,1,What is the largest city in France?,41,32,palmetto-v100,3,16384.0,14513.1875
1711716230.9085186,start-inference-A-2,6.714085817337036,297502046,277378379,687763000,32,9,2,Llama-2-7b-chat-hf,1,What is the largest city in France?,41,32,palmetto-v100,3,16384.0,14513.1875
1711716237.6368186,start-inference-A-3,6.711590766906738,304211318,271499305,690565000,32,9,3,Llama-2-7b-chat-hf,1,What is the largest city in France?,41,32,palmetto-v100,0,16384.0,14513.375
1711716244.369287,start-inference-A-4,6.711435317993164,303419023,271639136,691055000,32,9,4,Llama-2-7b-chat-hf,1,What is the largest city in France?,41,32,palmetto-v100,0,16384.0,14513.375
1711716251.0916145,start-inference-A-5,6.7108941078186035,303301714,271476112,692086000,32,9,5,Llama-2-7b-chat-hf,1,What is the largest city in France?,41,32,palmetto-v100,0,16384.0,14513.375
1711716257.8104646,start-inference-A-6,6.70892596244812,305250134,271447364,694615000,32,9,6,Llama-2-7b-chat-hf,1,What is the largest city in France?,41,32,palmetto-v100,0,16384.0,14513.375
1711716264.5322344,start-inference-B-0,6.740397214889526,305960886,272510227,726158000,32,21,0,Llama-2-7b-chat-hf,1,Can you explain the difference between a simile an,53,32,palmetto-v100,0,16384.0,14513.375
1711716271.2829838,start-inference-B-1,6.740569353103638,304814650,272587742,726921000,32,21,1,Llama-2-7b-chat-hf,1,Can you explain the difference between a simile an,53,32,palmetto-v100,0,16384.0,14513.375
1711716278.0316906,start-inference-B-2,6.737527132034302,304782667,272863986,726838000,32,21,2,Llama-2-7b-chat-hf,1,Can you explain the difference between a simile an,53,32,palmetto-v100,0,16384.0,14513.375
1711716284.7771533,start-inference-B-3,6.744261741638184,305685680,272512791,729180000,32,21,3,Llama-2-7b-chat-hf,1,Can you explain the difference between a simile an,53,32,palmetto-v100,0,16384.0,14513.375
1711716291.532252,start-inference-B-4,6.738781929016113,304685987,272028600,728453000,32,21,4,Llama-2-7b-chat-hf,1,Can you explain the difference between a simile an,53,32,palmetto-v100,0,16384.0,14513.375
1711716298.279153,start-inference-B-5,6.741696119308472,304823317,272283666,728112000,32,21,5,Llama-2-7b-chat-hf,1,Can you explain the difference between a simile an,53,32,palmetto-v100,0,16384.0,14513.5625
1711716305.0283096,start-inference-B-6,6.739618539810181,304878736,272938876,730442000,32,21,6,Llama-2-7b-chat-hf,1,Can you explain the difference between a simile an,53,32,palmetto-v100,0,16384.0,14513.5625
1711716311.7762067,start-inference-C-0,7.017266511917114,318031595,283140510,820134000,32,38,0,Llama-2-7b-chat-hf,1,What are some effective strategies for managing st,70,32,palmetto-v100,0,16384.0,14515.5625
1711716318.8015726,start-inference-C-1,7.013474464416504,317102093,283236640,820838000,32,38,1,Llama-2-7b-chat-hf,1,What are some effective strategies for managing st,70,32,palmetto-v100,0,16384.0,14515.5625
1711716325.8253543,start-inference-C-2,7.014541864395142,318670144,286746153,821954000,32,38,2,Llama-2-7b-chat-hf,1,What are some effective strategies for managing st,70,32,palmetto-v100,0,16384.0,14515.5625
1711716332.8500028,start-inference-C-3,7.0138397216796875,317724895,283117622,821710000,32,38,3,Llama-2-7b-chat-hf,1,What are some effective strategies for managing st,70,32,palmetto-v100,0,16384.0,14515.5625
1711716339.871723,start-inference-C-4,7.0143632888793945,316872907,282984567,822391000,32,38,4,Llama-2-7b-chat-hf,1,What are some effective strategies for managing st,70,32,palmetto-v100,0,16384.0,14515.5625
1711716346.8938954,start-inference-C-5,7.013460159301758,316915509,282995126,823443000,32,38,5,Llama-2-7b-chat-hf,1,What are some effective strategies for managing st,70,32,palmetto-v100,0,16384.0,14515.5625
1711716353.915215,start-inference-C-6,7.01584529876709,317726420,283179268,821826000,32,38,6,Llama-2-7b-chat-hf,1,What are some effective strategies for managing st,70,32,palmetto-v100,0,16384.0,14515.75
1711716360.9371665,start-inference-D-0,8.79520583152771,397463643,354895942,1260198000,32,78,0,Llama-2-7b-chat-hf,1,Imagine you are an expert travel guide for Japan.,110,32,palmetto-v100,0,16384.0,14553.75
1711716369.7457955,start-inference-D-1,8.78359055519104,389716410,361795704,1263782000,32,78,1,Llama-2-7b-chat-hf,1,Imagine you are an expert travel guide for Japan.,110,32,palmetto-v100,0,16384.0,14553.75
1711716378.539539,start-inference-D-2,8.786056995391846,398391741,355398016,1263659000,32,78,2,Llama-2-7b-chat-hf,1,Imagine you are an expert travel guide for Japan.,110,32,palmetto-v100,0,16384.0,14551.75
1711716387.3357224,start-inference-D-3,8.786257266998291,397918598,355884403,1267316000,32,78,3,Llama-2-7b-chat-hf,1,Imagine you are an expert travel guide for Japan.,110,32,palmetto-v100,0,16384.0,14551.75
1711716396.133809,start-inference-D-4,8.784136533737183,397073447,355581243,1269542000,32,78,4,Llama-2-7b-chat-hf,1,Imagine you are an expert travel guide for Japan.,110,32,palmetto-v100,0,16384.0,14553.75
1711716404.9274907,start-inference-D-5,8.78181529045105,397940204,355074958,1271302000,32,78,5,Llama-2-7b-chat-hf,1,Imagine you are an expert travel guide for Japan.,110,32,palmetto-v100,0,16384.0,14553.75
1711716413.720826,start-inference-D-6,8.785862922668457,397164267,355270636,1272062000,32,78,6,Llama-2-7b-chat-hf,1,Imagine you are an expert travel guide for Japan.,110,32,palmetto-v100,0,16384.0,14553.1875
1711716422.5149853,start-inference-E-0,10.664164543151855,483152327,431353327,1881064000,32,154,0,Llama-2-7b-chat-hf,1,"As an AI language model, you possess the capabilit",186,32,palmetto-v100,0,16384.0,14545.1875
1711716433.1920588,start-inference-E-1,10.658944606781006,482085497,431449823,1887176000,32,154,1,Llama-2-7b-chat-hf,1,"As an AI language model, you possess the capabilit",186,32,palmetto-v100,0,16384.0,14545.1875
1711716443.9657474,start-inference-E-2,10.662760019302368,482597642,435478255,1892350000,32,154,2,Llama-2-7b-chat-hf,1,"As an AI language model, you possess the capabilit",186,32,palmetto-v100,0,16384.0,14545.1875
1711716454.6367562,start-inference-E-3,10.659046173095703,482904525,430883846,1896371000,32,154,3,Llama-2-7b-chat-hf,1,"As an AI language model, you possess the capabilit",186,32,palmetto-v100,0,16384.0,14545.0
1711716465.3053365,start-inference-E-4,10.659204721450806,482123826,430472775,1898932000,32,154,4,Llama-2-7b-chat-hf,1,"As an AI language model, you possess the capabilit",186,32,palmetto-v100,0,16384.0,14545.0
1711716475.9747624,start-inference-E-5,10.662357091903687,482509629,430774654,1904256000,32,154,5,Llama-2-7b-chat-hf,1,"As an AI language model, you possess the capabilit",186,32,palmetto-v100,0,16384.0,14545.1875
1711716486.7497444,start-inference-E-6,10.66128945350647,482593491,430097349,1903411000,32,154,6,Llama-2-7b-chat-hf,1,"As an AI language model, you possess the capabilit",186,32,palmetto-v100,0,16384.0,14545.1875
1711716497.4193895,start-inference-F-0,14.219795942306519,643676941,573130430,3011687000,32,267,0,Llama-2-7b-chat-hf,1,/* An improved random number generation package.,299,32,palmetto-v100,0,16384.0,14643.1875
1711716511.650691,start-inference-F-1,14.21882700920105,643811462,572476928,3025933000,32,267,1,Llama-2-7b-chat-hf,1,/* An improved random number generation package.,299,32,palmetto-v100,0,16384.0,14641.1875
1711716525.8807302,start-inference-F-2,14.220299482345581,643606079,573114256,3035714000,32,267,2,Llama-2-7b-chat-hf,1,/* An improved random number generation package.,299,32,palmetto-v100,0,16384.0,14641.375
1711716540.109913,start-inference-F-3,14.217081308364868,644632322,593334601,3043108000,32,267,3,Llama-2-7b-chat-hf,1,/* An improved random number generation package.,299,32,palmetto-v100,0,16384.0,14641.375
1711716554.337704,start-inference-F-4,14.215604305267334,642975405,591106152,3050613000,32,267,4,Llama-2-7b-chat-hf,1,/* An improved random number generation package.,299,32,palmetto-v100,0,16384.0,14643.375
1711716568.5635355,start-inference-F-5,14.214017868041992,643442505,584205108,3055083000,32,267,5,Llama-2-7b-chat-hf,1,/* An improved random number generation package.,299,32,palmetto-v100,0,16384.0,14643.375
1711716582.7860982,start-inference-F-6,14.216785669326782,642714969,574656732,3056434000,32,267,6,Llama-2-7b-chat-hf,1,/* An improved random number generation package.,299,32,palmetto-v100,0,16384.0,14641.375
1711716597.0135863,start-inference-G-0,26.49530816078186,1201598487,1125233631,5775793000,32,541,0,Llama-2-7b-chat-hf,1,/*This is a version (aka ptmalloc2) of malloc/free,573,32,palmetto-v100,0,16384.0,14649.5625
1711716623.5223856,start-inference-G-1,26.489569664001465,1199569011,1077192494,5788887000,32,541,1,Llama-2-7b-chat-hf,1,/*This is a version (aka ptmalloc2) of malloc/free,573,32,palmetto-v100,0,16384.0,14649.5625
1711716650.025755,start-inference-G-2,26.49160671234131,1200577859,1093028451,5790940000,32,541,2,Llama-2-7b-chat-hf,1,/*This is a version (aka ptmalloc2) of malloc/free,573,32,palmetto-v100,0,16384.0,14649.75
1711716676.5296113,start-inference-G-3,26.488598585128784,1199289593,1075636163,5796511000,32,541,3,Llama-2-7b-chat-hf,1,/*This is a version (aka ptmalloc2) of malloc/free,573,32,palmetto-v100,0,16384.0,14649.75
1711716703.031313,start-inference-G-4,26.494012117385864,1199007367,1073133178,5802455000,32,541,4,Llama-2-7b-chat-hf,1,/*This is a version (aka ptmalloc2) of malloc/free,573,32,palmetto-v100,0,16384.0,14649.9375
1711716729.5385103,start-inference-G-5,26.491273641586304,1198344528,1074353695,5801810000,32,541,5,Llama-2-7b-chat-hf,1,/*This is a version (aka ptmalloc2) of malloc/free,573,32,palmetto-v100,0,16384.0,14649.9375
1711716756.0460854,start-inference-G-6,26.490909099578857,1198241805,1069906075,5802476000,32,541,6,Llama-2-7b-chat-hf,1,/*This is a version (aka ptmalloc2) of malloc/free,573,32,palmetto-v100,0,16384.0,14649.1875
1711716782.547002,start-inference-H-0,48.91979908943176,2211754714,1979148865,10614679000,32,986,0,Llama-2-7b-chat-hf,1,"/void _quicksort (void *const pbase, size_t total_",1018,32,palmetto-v100,0,16384.0,15023.1875
1711716831.480961,start-inference-H-1,48.93363380432129,2214242195,1974861582,10615864000,32,986,1,Llama-2-7b-chat-hf,1,"/void _quicksort (void *const pbase, size_t total_",1018,32,palmetto-v100,0,16384.0,15023.375
1711716880.5346873,start-inference-H-2,48.914268255233765,2212628797,1972843338,10605324000,32,986,2,Llama-2-7b-chat-hf,1,"/void _quicksort (void *const pbase, size_t total_",1018,32,palmetto-v100,0,16384.0,15021.5625
1711716929.4626005,start-inference-H-3,48.926435232162476,2211670730,1975449715,10608122000,32,986,3,Llama-2-7b-chat-hf,1,"/void _quicksort (void *const pbase, size_t total_",1018,32,palmetto-v100,0,16384.0,15023.75
1711716978.5103252,start-inference-H-4,48.92706060409546,2209127401,1972239580,10606862000,32,986,4,Llama-2-7b-chat-hf,1,"/void _quicksort (void *const pbase, size_t total_",1018,32,palmetto-v100,0,16384.0,15023.9375
1711717027.4509768,start-inference-H-5,48.92119741439819,2208646262,1975290415,10612070000,32,986,5,Llama-2-7b-chat-hf,1,"/void _quicksort (void *const pbase, size_t total_",1018,32,palmetto-v100,0,16384.0,15023.0
1711717076.3859715,start-inference-H-6,48.93745684623718,2207314662,1977718020,10613422000,32,986,6,Llama-2-7b-chat-hf,1,"/void _quicksort (void *const pbase, size_t total_",1018,32,palmetto-v100,0,16384.0,15021.1875
1711717125.4463587,start-inference-I-0,102.8063132762909,4653129018,4257551967,23655673000,32,2117,0,Llama-2-7b-chat-hf,1,"#include <alloca.h>
#include <limits.h>
#include <",2149,32,palmetto-v100,0,16384.0,15687.375
1711717228.2748759,start-inference-I-1,102.81435084342957,4650263242,4194977664,23708662000,32,2117,1,Llama-2-7b-chat-hf,1,"#include <alloca.h>
#include <limits.h>
#include <",2149,32,palmetto-v100,0,16384.0,15685.75
1711717331.214525,start-inference-I-2,102.80926275253296,4643455397,4164864887,23712244000,32,2117,2,Llama-2-7b-chat-hf,1,"#include <alloca.h>
#include <limits.h>
#include <",2149,32,palmetto-v100,0,16384.0,15685.1875
1711717434.0416594,start-inference-I-3,102.8090512752533,4644289930,4148584290,23712784000,32,2117,3,Llama-2-7b-chat-hf,1,"#include <alloca.h>
#include <limits.h>
#include <",2149,32,palmetto-v100,0,16384.0,15685.1875
1711717536.87471,start-inference-I-4,102.86612629890442,4648047855,4150643794,23715426000,32,2117,4,Llama-2-7b-chat-hf,1,"#include <alloca.h>
#include <limits.h>
#include <",2149,32,palmetto-v100,0,16384.0,15685.5625
1711717639.7605243,start-inference-I-5,103.11949729919434,4664399436,4159848909,23711429000,32,2117,5,Llama-2-7b-chat-hf,1,"#include <alloca.h>
#include <limits.h>
#include <",2149,32,palmetto-v100,0,16384.0,15685.375
1711717742.899598,start-inference-I-6,103.12681841850281,4667835402,4301654698.0,23714007000,32,2117,6,Llama-2-7b-chat-hf,1,"#include <alloca.h>
#include <limits.h>
#include <",2149,32,palmetto-v100,0,16384.0,15683.5625
1711919068.3437097,tokenizer,0.2581343650817871,9933996,12615934,6170000,32,0,0,Llama-2-7b-chat-hf,1,startup,0,32,palmetto-v100,3,16384.0,14160.75
1711919068.601844,model load,17.701268911361694,1189474677,1132670563,615497000,32,0,0,Llama-2-7b-chat-hf,1,startup,0,32,palmetto-v100,3,16384.0,14160.75
1711919086.320075,start-inference-8-0,3.1284310817718506,122099052,139704354,239000000,8,38,0,Llama-2-7b-chat-hf,1,What are some effective strategies for managing st,46,32,palmetto-v100,39,16384.0,14516.75
1711919089.4660168,start-inference-8-1,1.6955537796020508,63940083,77680587,188315000,8,38,1,Llama-2-7b-chat-hf,1,What are some effective strategies for managing st,46,32,palmetto-v100,39,16384.0,14516.75
1711919091.1708813,start-inference-8-2,1.68841552734375,64013508,76468250,190860000,8,38,2,Llama-2-7b-chat-hf,1,What are some effective strategies for managing st,46,32,palmetto-v100,39,16384.0,14516.75
1711919092.869193,start-inference-8-3,1.6873455047607422,63600362,76221972,190638000,8,38,3,Llama-2-7b-chat-hf,1,What are some effective strategies for managing st,46,32,palmetto-v100,39,16384.0,14516.75
1711919094.5656655,start-inference-8-4,1.6885323524475098,63566732,76377307,190438000,8,38,4,Llama-2-7b-chat-hf,1,What are some effective strategies for managing st,46,32,palmetto-v100,39,16384.0,14516.75
1711919096.2620285,start-inference-8-5,1.6861224174499512,63404501,76248157,191017000,8,38,5,Llama-2-7b-chat-hf,1,What are some effective strategies for managing st,46,32,palmetto-v100,39,16384.0,14516.75
1711919097.9599402,start-inference-8-6,1.6859941482543945,63471944,76269824,191209000,8,38,6,Llama-2-7b-chat-hf,1,What are some effective strategies for managing st,46,32,palmetto-v100,39,16384.0,14516.0
1711919099.6547062,start-inference-16-0,3.378819704055786,126694011,152632727,384787000,16,38,0,Llama-2-7b-chat-hf,1,What are some effective strategies for managing st,54,32,palmetto-v100,39,16384.0,14518.1875
1711919103.0424576,start-inference-16-1,3.3754777908325195,126771587,152642981,384571000,16,38,1,Llama-2-7b-chat-hf,1,What are some effective strategies for managing st,54,32,palmetto-v100,39,16384.0,14518.1875
1711919106.4257114,start-inference-16-2,3.3738162517547607,126347699,152713659,386650000,16,38,2,Llama-2-7b-chat-hf,1,What are some effective strategies for managing st,54,32,palmetto-v100,39,16384.0,14518.1875
1711919109.807652,start-inference-16-3,3.3761661052703857,126245893,152560706,386723000,16,38,3,Llama-2-7b-chat-hf,1,What are some effective strategies for managing st,54,32,palmetto-v100,39,16384.0,14518.1875
1711919113.195153,start-inference-16-4,3.3757166862487793,125856184,152434241,386903000,16,38,4,Llama-2-7b-chat-hf,1,What are some effective strategies for managing st,54,32,palmetto-v100,39,16384.0,14516.1875
1711919116.5794454,start-inference-16-5,3.3787944316864014,125734969,152548011,386549000,16,38,5,Llama-2-7b-chat-hf,1,What are some effective strategies for managing st,54,32,palmetto-v100,39,16384.0,14516.1875
1711919119.9663603,start-inference-16-6,3.3732383251190186,125309066,152427467,387927000,16,38,6,Llama-2-7b-chat-hf,1,What are some effective strategies for managing st,54,32,palmetto-v100,39,16384.0,14516.1875
1711919123.3473308,start-inference-32-0,7.005780220031738,260521245,316247054,845932000,32,38,0,Llama-2-7b-chat-hf,1,What are some effective strategies for managing st,70,32,palmetto-v100,39,16384.0,14518.1875
1711919130.3613656,start-inference-32-1,7.00520920753479,259402168,316070236,847937000,32,38,1,Llama-2-7b-chat-hf,1,What are some effective strategies for managing st,70,32,palmetto-v100,39,16384.0,14518.1875
1711919137.3766813,start-inference-32-2,7.004650115966797,259239449,316103866,849648000,32,38,2,Llama-2-7b-chat-hf,1,What are some effective strategies for managing st,70,32,palmetto-v100,39,16384.0,14518.1875
1711919144.3888233,start-inference-32-3,7.005153656005859,259801520,316060226,850127000,32,38,3,Llama-2-7b-chat-hf,1,What are some effective strategies for managing st,70,32,palmetto-v100,39,16384.0,14518.1875
1711919151.4026392,start-inference-32-4,7.0080859661102295,261461610,316119979,851197000,32,38,4,Llama-2-7b-chat-hf,1,What are some effective strategies for managing st,70,32,palmetto-v100,39,16384.0,14518.1875
1711919158.4186046,start-inference-32-5,7.026733636856079,260756474,316982160,847854000,32,38,5,Llama-2-7b-chat-hf,1,What are some effective strategies for managing st,70,32,palmetto-v100,39,16384.0,14518.375
1711919165.453637,start-inference-32-6,7.034642219543457,260549016,317232465,846368000,32,38,6,Llama-2-7b-chat-hf,1,What are some effective strategies for managing st,70,32,palmetto-v100,39,16384.0,14518.375
1711919172.49578,start-inference-64-0,15.763730764389038,586443751,711427927,2146203000,64,38,0,Llama-2-7b-chat-hf,1,What are some effective strategies for managing st,102,32,palmetto-v100,39,16384.0,14554.375
1711919188.2707891,start-inference-64-1,15.760448455810547,586507349,713576604,2151110000,64,38,1,Llama-2-7b-chat-hf,1,What are some effective strategies for managing st,102,32,palmetto-v100,39,16384.0,14554.375
1711919204.0405014,start-inference-64-2,15.762901067733765,585737514,712646797,2155717000,64,38,2,Llama-2-7b-chat-hf,1,What are some effective strategies for managing st,102,32,palmetto-v100,39,16384.0,14554.375
1711919219.8142562,start-inference-64-3,15.763396978378296,586069056,712020028,2159592000,64,38,3,Llama-2-7b-chat-hf,1,What are some effective strategies for managing st,102,32,palmetto-v100,39,16384.0,14554.1875
1711919235.586988,start-inference-64-4,15.762137174606323,586069606,711898995,2161618000,64,38,4,Llama-2-7b-chat-hf,1,What are some effective strategies for managing st,102,32,palmetto-v100,39,16384.0,14554.1875
1711919251.3575892,start-inference-64-5,15.77439284324646,584746489,713758183,2160571000,64,38,5,Llama-2-7b-chat-hf,1,What are some effective strategies for managing st,102,32,palmetto-v100,39,16384.0,14554.1875
1711919267.143273,start-inference-64-6,15.786048173904419,586595361,715448119,2157418000,64,38,6,Llama-2-7b-chat-hf,1,What are some effective strategies for managing st,102,32,palmetto-v100,39,16384.0,14554.375
1711919282.9375036,start-inference-128-0,35.52848839759827,1322329928,1613797810,5448498000,128,38,0,Llama-2-7b-chat-hf,1,What are some effective strategies for managing st,166,32,palmetto-v100,39,16384.0,14558.375
1711919318.4782827,start-inference-128-1,35.52338910102844,1317746261,1610344815,5465227000,128,38,1,Llama-2-7b-chat-hf,1,What are some effective strategies for managing st,166,32,palmetto-v100,39,16384.0,14558.5625
1711919354.0131881,start-inference-128-2,35.52023386955261,1316811876,1609683440,5469428000,128,38,2,Llama-2-7b-chat-hf,1,What are some effective strategies for managing st,166,32,palmetto-v100,39,16384.0,14558.5625
1711919389.5448642,start-inference-128-3,35.5203492641449,1364108752,1619772159,5476951000,128,38,3,Llama-2-7b-chat-hf,1,What are some effective strategies for managing st,166,32,palmetto-v100,39,16384.0,14558.1875
1711919425.0756152,start-inference-128-4,35.5203971862793,1320826941,1608751741,5476894000,128,38,4,Llama-2-7b-chat-hf,1,What are some effective strategies for managing st,166,32,palmetto-v100,39,16384.0,14558.375
1711919460.6076932,start-inference-128-5,35.51729869842529,1318670147,1607908726,5483164000,128,38,5,Llama-2-7b-chat-hf,1,What are some effective strategies for managing st,166,32,palmetto-v100,39,16384.0,14558.375
1711919496.1340544,start-inference-128-6,35.527888774871826,1314016046,1608156833,5487280000,128,38,6,Llama-2-7b-chat-hf,1,What are some effective strategies for managing st,166,32,palmetto-v100,39,16384.0,14558.5625
1711919531.6745088,start-inference-256-0,88.05002808570862,3273839398,3981742004,15877511000,256,38,0,Llama-2-7b-chat-hf,1,What are some effective strategies for managing st,294,32,palmetto-v100,39,16384.0,14686.1875
1711919619.7370949,start-inference-256-1,88.03293180465698,3262790414,3977505381,15938423000,256,38,1,Llama-2-7b-chat-hf,1,What are some effective strategies for managing st,294,32,palmetto-v100,39,16384.0,14686.1875
1711919707.7803748,start-inference-256-2,88.03189182281494,3260977919,3979099799,15963330000,256,38,2,Llama-2-7b-chat-hf,1,What are some effective strategies for managing st,294,32,palmetto-v100,39,16384.0,14686.375
1711919795.8241837,start-inference-256-3,88.03697729110718,3261870312,3981035707,15970973000,256,38,3,Llama-2-7b-chat-hf,1,What are some effective strategies for managing st,294,32,palmetto-v100,39,16384.0,14686.75
1711919883.8731582,start-inference-256-4,88.03170132637024,3284425552,3984213189,15969625000,256,38,4,Llama-2-7b-chat-hf,1,What are some effective strategies for managing st,294,32,palmetto-v100,39,16384.0,14686.1875
1711919971.917495,start-inference-256-5,88.02862215042114,3322286417,3991581151,15976188000,256,38,5,Llama-2-7b-chat-hf,1,What are some effective strategies for managing st,294,32,palmetto-v100,39,16384.0,14684.1875
1711920059.960667,start-inference-256-6,88.03197646141052,3267553403,3983616084,15977995000,256,38,6,Llama-2-7b-chat-hf,1,What are some effective strategies for managing st,294,32,palmetto-v100,39,16384.0,14686.5625
1711920148.0028431,start-inference-512-0,226.9051694869995,8438142644,10263137728,44113334000,512,38,0,Llama-2-7b-chat-hf,1,What are some effective strategies for managing st,498,32,palmetto-v100,39,16384.0,14686.375
1711920374.9205,start-inference-512-1,268.67683815956116,10020470075,12149100490,53260300000,512,38,1,Llama-2-7b-chat-hf,1,What are some effective strategies for managing st,550,32,palmetto-v100,39,16384.0,14686.1875
1711920643.610726,start-inference-512-2,268.6694700717926,9953628998.0,12138265374.0,52328888000,512,38,2,Llama-2-7b-chat-hf,1,What are some effective strategies for managing st,550,32,palmetto-v100,39,16384.0,14686.1875
1711920912.2916093,start-inference-512-3,246.3518054485321,9138312909,11140817732,48310322000,512,38,3,Llama-2-7b-chat-hf,1,What are some effective strategies for managing st,522,32,palmetto-v100,39,16384.0,14686.5625
1711921158.6785555,start-inference-512-4,268.57008624076843,10006118854,12138018548,53254999000,512,38,4,Llama-2-7b-chat-hf,1,What are some effective strategies for managing st,550,32,palmetto-v100,39,16384.0,14686.1875
1711921427.2607193,start-inference-512-5,268.5805974006653,9945148552,12137957147,53309519000,512,38,5,Llama-2-7b-chat-hf,1,What are some effective strategies for managing st,550,32,palmetto-v100,39,16384.0,14686.75
1711921695.8534393,start-inference-512-6,268.63539147377014,10060100772,12142518049,53312594000,512,38,6,Llama-2-7b-chat-hf,1,What are some effective strategies for managing st,550,32,palmetto-v100,39,16384.0,14686.5625
1711921964.5010948,start-inference-512-7,268.55537128448486,10066434252,12142975261,53300382000,512,38,7,Llama-2-7b-chat-hf,1,What are some effective strategies for managing st,550,32,palmetto-v100,39,16384.0,14686.5625
1711922233.0683942,start-inference-512-8,268.651029586792,9993627614,12153446487,53317459000,512,38,8,Llama-2-7b-chat-hf,1,What are some effective strategies for managing st,550,32,palmetto-v100,39,16384.0,14686.1875
1711922501.73145,start-inference-512-9,268.69254970550537,9978761563,12141855574,52935414000,512,38,9,Llama-2-7b-chat-hf,1,What are some effective strategies for managing st,550,32,palmetto-v100,39,16384.0,14686.375
1711922770.4585333,start-inference-512-10,268.6335961818695,10009582896,12135885802,53289032000,512,38,10,Llama-2-7b-chat-hf,1,What are some effective strategies for managing st,550,32,palmetto-v100,39,16384.0,14686.1875
1711923039.1076646,start-inference-512-11,243.0852632522583,9011628603,10981633630,47626608000,512,38,11,Llama-2-7b-chat-hf,1,What are some effective strategies for managing st,518,32,palmetto-v100,39,16384.0,14686.375
1711923282.2258084,start-inference-512-12,256.99413561820984,9510152839,11602580709,50710553000,512,38,12,Llama-2-7b-chat-hf,1,What are some effective strategies for managing st,535,32,palmetto-v100,39,16384.0,14686.75
1711923539.260654,start-inference-512-13,227.55873370170593,8493459153,10274019718,44334346000,512,38,13,Llama-2-7b-chat-hf,1,What are some effective strategies for managing st,499,32,palmetto-v100,39,16384.0,14686.5625
1711923766.852934,start-inference-512-14,268.62078404426575,9963784979,12134483706,53198331000,512,38,14,Llama-2-7b-chat-hf,1,What are some effective strategies for managing st,550,32,palmetto-v100,39,16384.0,14686.5625
1711924035.4859505,start-inference-512-15,268.57827615737915,10014050353,12129309526,53203868000,512,38,15,Llama-2-7b-chat-hf,1,What are some effective strategies for managing st,550,32,palmetto-v100,39,16384.0,14686.1875
1711924304.078083,start-inference-512-16,231.63666033744812,8579460336,10467319456,45163837000,512,38,16,Llama-2-7b-chat-hf,1,What are some effective strategies for managing st,504,32,palmetto-v100,39,16384.0,14686.1875
1711924535.727082,start-inference-512-17,268.6921191215515,9994204212,12156039864,53193637000,512,38,17,Llama-2-7b-chat-hf,1,What are some effective strategies for managing st,550,32,palmetto-v100,39,16384.0,14686.1875
1711924804.4327445,start-inference-512-18,268.6624503135681,9987571294,12138742118,53215270000,512,38,18,Llama-2-7b-chat-hf,1,What are some effective strategies for managing st,550,32,palmetto-v100,39,16384.0,14686.375
1711925073.105253,start-inference-512-19,268.7020089626312,9979971400,12125200954,53196653000,512,38,19,Llama-2-7b-chat-hf,1,What are some effective strategies for managing st,550,32,palmetto-v100,39,16384.0,14686.1875
1711925341.8193707,start-inference-512-20,268.7368633747101,10020507734,12131752879,53222525000,512,38,20,Llama-2-7b-chat-hf,1,What are some effective strategies for managing st,550,32,palmetto-v100,39,16384.0,14686.75
1711925610.5661373,start-inference-512-21,268.597537279129,9995837386,12145032080,53216495000,512,38,21,Llama-2-7b-chat-hf,1,What are some effective strategies for managing st,550,32,palmetto-v100,39,16384.0,14686.5625
1711925879.1758842,start-inference-512-22,230.85015559196472,8642254609,10432543544,44941527000,512,38,22,Llama-2-7b-chat-hf,1,What are some effective strategies for managing st,503,32,palmetto-v100,39,16384.0,14686.1875
1711926110.038325,start-inference-512-23,268.7463493347168,10062385434,12152415057,53127880000,512,38,23,Llama-2-7b-chat-hf,1,What are some effective strategies for managing st,550,32,palmetto-v100,39,16384.0,14686.1875
1711926378.7949173,start-inference-512-24,255.58275842666626,9652156564,11569612715,50191895000,512,38,24,Llama-2-7b-chat-hf,1,What are some effective strategies for managing st,533,32,palmetto-v100,39,16384.0,14686.0
1711926634.3902311,start-inference-512-25,262.11601400375366,9869479861,11851891961.0,51643487000,512,38,25,Llama-2-7b-chat-hf,1,What are some effective strategies for managing st,541,32,palmetto-v100,39,16384.0,14686.375
1711926896.5200613,start-inference-512-26,268.8253195285797,10141959022,12141189072,52164212000,512,38,26,Llama-2-7b-chat-hf,1,What are some effective strategies for managing st,550,32,palmetto-v100,39,16384.0,14686.1875
1711927165.3569026,start-inference-512-27,268.7477457523346,10204050355,12143748758,53097929000,512,38,27,Llama-2-7b-chat-hf,1,What are some effective strategies for managing st,550,32,palmetto-v100,39,16384.0,14686.5625
1711927434.1167905,start-inference-512-28,268.75648641586304,10175425367.0,12130353712,53081040000,512,38,28,Llama-2-7b-chat-hf,1,What are some effective strategies for managing st,550,32,palmetto-v100,39,16384.0,14686.5625
1711927702.8863506,start-inference-512-29,268.79069685935974,10227853333,12145836949,53081638000,512,38,29,Llama-2-7b-chat-hf,1,What are some effective strategies for managing st,550,32,palmetto-v100,39,16384.0,14686.375
1711927971.689069,start-inference-512-30,227.81945514678955,8620658473,10283814127,44176032000,512,38,30,Llama-2-7b-chat-hf,1,What are some effective strategies for managing st,499,32,palmetto-v100,39,16384.0,14686.1875
1711928199.5204256,start-inference-512-31,268.73924708366394,10193491910,12147162934,53059043000,512,38,31,Llama-2-7b-chat-hf,1,What are some effective strategies for managing st,550,32,palmetto-v100,39,16384.0,14686.1875
1711928468.272771,start-inference-512-32,268.6867663860321,10139169539,12128317279,53082140000,512,38,32,Llama-2-7b-chat-hf,1,What are some effective strategies for managing st,550,32,palmetto-v100,39,16384.0,14686.0
1711928736.9741478,start-inference-512-33,268.7179777622223,10136928639,12136891903,53062469000,512,38,33,Llama-2-7b-chat-hf,1,What are some effective strategies for managing st,550,32,palmetto-v100,39,16384.0,14686.0
1711929005.7052853,start-inference-512-34,268.7599618434906,10143570590,12143591471,53057903000,512,38,34,Llama-2-7b-chat-hf,1,What are some effective strategies for managing st,549,32,palmetto-v100,39,16384.0,14686.75
1711929274.4773564,start-inference-512-35,268.76065731048584,10125826251,12134499575,53058767000,512,38,35,Llama-2-7b-chat-hf,1,What are some effective strategies for managing st,550,32,palmetto-v100,39,16384.0,14686.75
1711929543.249877,start-inference-512-36,268.76691913604736,10126918838,12136733273,52648749000,512,38,36,Llama-2-7b-chat-hf,1,What are some effective strategies for managing st,550,32,palmetto-v100,39,16384.0,14686.5625
1711929812.0265512,start-inference-512-37,245.6160523891449,9226158205,11088804742,47971014000,512,38,37,Llama-2-7b-chat-hf,1,What are some effective strategies for managing st,521,32,palmetto-v100,39,16384.0,14686.1875
1711930057.654558,start-inference-512-38,268.7283673286438,10139421370,12149066554,53045056000,512,38,38,Llama-2-7b-chat-hf,1,What are some effective strategies for managing st,550,32,palmetto-v100,39,16384.0,14686.375
1711930326.3950105,start-inference-512-39,243.1396815776825,9145817956,10990196901,47423929000,512,38,39,Llama-2-7b-chat-hf,1,What are some effective strategies for managing st,518,32,palmetto-v100,39,16384.0,14686.1875
1711930569.551276,start-inference-512-40,268.74723863601685,10128562938,12159453552,53082001000,512,38,40,Llama-2-7b-chat-hf,1,What are some effective strategies for managing st,550,32,palmetto-v100,39,16384.0,14686.0
1711930838.3120139,start-inference-512-41,268.74707293510437,10099000025,12148355985,53089648000,512,38,41,Llama-2-7b-chat-hf,1,What are some effective strategies for managing st,550,32,palmetto-v100,39,16384.0,14686.0
1711931107.0709856,start-inference-512-42,268.6988594532013,10073257782,12130137892,53079419000,512,38,42,Llama-2-7b-chat-hf,1,What are some effective strategies for managing st,550,32,palmetto-v100,39,16384.0,14686.75
1711931375.781776,start-inference-512-43,268.72120118141174,10138474717,12147727874,53074155000,512,38,43,Llama-2-7b-chat-hf,1,What are some effective strategies for managing st,550,32,palmetto-v100,39,16384.0,14686.75
1711931644.5150652,start-inference-512-44,226.91175270080566,8525706385,10250010381,44011516000,512,38,44,Llama-2-7b-chat-hf,1,What are some effective strategies for managing st,498,32,palmetto-v100,39,16384.0,14686.1875
1711931871.4404335,start-inference-512-45,268.7373511791229,10141220498,12155394359,52582821000,512,38,45,Llama-2-7b-chat-hf,1,What are some effective strategies for managing st,550,32,palmetto-v100,39,16384.0,14686.375
1711932140.191689,start-inference-512-46,246.47345900535583,9280474778,11152127334,48122457000,512,38,46,Llama-2-7b-chat-hf,1,What are some effective strategies for managing st,522,32,palmetto-v100,39,16384.0,14686.1875
1711932386.6769001,start-inference-512-47,255.59120869636536,9664967140,11580198503.0,50143243000,512,38,47,Llama-2-7b-chat-hf,1,What are some effective strategies for managing st,533,32,palmetto-v100,39,16384.0,14686.0
1711932642.2811766,start-inference-512-48,235.78424549102783,8871140498,10668298251,45861124000,512,38,48,Llama-2-7b-chat-hf,1,What are some effective strategies for managing st,509,32,palmetto-v100,39,16384.0,14686.75
1711932878.077414,start-inference-512-49,268.6986074447632,10104545543,12142648907,53097069000,512,38,49,Llama-2-7b-chat-hf,1,What are some effective strategies for managing st,550,32,palmetto-v100,39,16384.0,14686.75
1711933146.7880569,start-inference-512-50,268.7030439376831,10126771378,12146639497,52932739000,512,38,50,Llama-2-7b-chat-hf,1,What are some effective strategies for managing st,550,32,palmetto-v100,39,16384.0,14686.5625
1711933415.5027966,start-inference-512-51,268.7126226425171,10040246208,12146349215,53138325000,512,38,51,Llama-2-7b-chat-hf,1,What are some effective strategies for managing st,550,32,palmetto-v100,39,16384.0,14686.375
1711933684.227686,start-inference-512-52,265.4088525772095,9965897644,12025488624,52389925000,512,38,52,Llama-2-7b-chat-hf,1,What are some effective strategies for managing st,545,32,palmetto-v100,39,16384.0,14686.375
1711933949.6486228,start-inference-512-53,251.33933925628662,9388996106,11360531037,49296767000,512,38,53,Llama-2-7b-chat-hf,1,What are some effective strategies for managing st,528,32,palmetto-v100,39,16384.0,14686.1875
1711934201.0018227,start-inference-512-54,243.88994693756104,9156557186,11029579553,47663050000,512,38,54,Llama-2-7b-chat-hf,1,What are some effective strategies for managing st,519,32,palmetto-v100,39,16384.0,14686.0
1711934444.9039135,start-inference-512-55,268.6309940814972,10017083182.0,12144532142,53122687000,512,38,55,Llama-2-7b-chat-hf,1,What are some effective strategies for managing st,550,32,palmetto-v100,39,16384.0,14686.0
1711934713.545552,start-inference-512-56,268.67715978622437,10027650477,12155166942,52661284000,512,38,56,Llama-2-7b-chat-hf,1,What are some effective strategies for managing st,550,32,palmetto-v100,39,16384.0,14686.75
1711934982.2344112,start-inference-512-57,268.6605010032654,10055824782,12155186534,53131194000,512,38,57,Llama-2-7b-chat-hf,1,What are some effective strategies for managing st,550,32,palmetto-v100,39,16384.0,14686.75
1711935250.9070392,start-inference-512-58,268.6997580528259,10052633323,12144981604,53132809000,512,38,58,Llama-2-7b-chat-hf,1,What are some effective strategies for managing st,550,32,palmetto-v100,39,16384.0,14686.375
1711935519.6169772,start-inference-512-59,232.51852869987488,8773795288,10520215866,45214091000,512,38,59,Llama-2-7b-chat-hf,1,What are some effective strategies for managing st,505,32,palmetto-v100,39,16384.0,14686.375
1711935752.1454504,start-inference-512-60,268.6979706287384,10094265663,12132192940,53099351000,512,38,60,Llama-2-7b-chat-hf,1,What are some effective strategies for managing st,550,32,palmetto-v100,39,16384.0,14686.375
1711936020.8554869,start-inference-512-61,268.6650948524475,10136444937,12147092866,53116393000,512,38,61,Llama-2-7b-chat-hf,1,What are some effective strategies for managing st,550,32,palmetto-v100,39,16384.0,14686.1875
1711936289.535747,start-inference-512-62,268.6769950389862,10089788867,12141900008,53135374000,512,38,62,Llama-2-7b-chat-hf,1,What are some effective strategies for managing st,550,32,palmetto-v100,39,16384.0,14686.0
1711936558.2283554,start-inference-512-63,268.7384316921234,10135110651,12148072233,53136468000,512,38,63,Llama-2-7b-chat-hf,1,What are some effective strategies for managing st,550,32,palmetto-v100,39,16384.0,14686.0
1711936826.9792416,start-inference-512-64,268.6240448951721,10079678786,12138969351,53112622000,512,38,64,Llama-2-7b-chat-hf,1,What are some effective strategies for managing st,550,32,palmetto-v100,39,16384.0,14686.75
1711937095.6154046,start-inference-512-65,268.72963213920593,10082590339,12143056805,52736351000,512,38,65,Llama-2-7b-chat-hf,1,What are some effective strategies for managing st,550,32,palmetto-v100,39,16384.0,14686.5625
1711937364.3565881,start-inference-512-66,268.7973895072937,10092287457,12153409439,53114161000,512,38,66,Llama-2-7b-chat-hf,1,What are some effective strategies for managing st,550,32,palmetto-v100,39,16384.0,14686.1875
1711937633.167243,start-inference-512-67,268.79670453071594,10051252833,12144235573,53104610000,512,38,67,Llama-2-7b-chat-hf,1,What are some effective strategies for managing st,550,32,palmetto-v100,39,16384.0,14686.5625
1711937901.9761007,start-inference-512-68,268.7273519039154,10106657903,12151828572,53113649000,512,38,68,Llama-2-7b-chat-hf,1,What are some effective strategies for managing st,550,32,palmetto-v100,39,16384.0,14686.375
1711938170.7159002,start-inference-512-69,226.9147379398346,8544658607,10259891764.0,44045482000,512,38,69,Llama-2-7b-chat-hf,1,What are some effective strategies for managing st,498,32,palmetto-v100,39,16384.0,14686.1875
1711938397.6453824,start-inference-512-70,268.75015473365784,10150795669,12157551518,53096041000,512,38,70,Llama-2-7b-chat-hf,1,What are some effective strategies for managing st,550,32,palmetto-v100,39,16384.0,14686.1875
1711938666.407566,start-inference-512-71,268.7402181625366,10077050557,12157091436,53115828000,512,38,71,Llama-2-7b-chat-hf,1,What are some effective strategies for managing st,550,32,palmetto-v100,39,16384.0,14688.0
1711938935.1636126,start-inference-512-72,268.6787712574005,10107094853,12179744210,53103214000,512,38,72,Llama-2-7b-chat-hf,1,What are some effective strategies for managing st,550,32,palmetto-v100,39,16384.0,14686.0
1711939203.8773282,start-inference-512-73,268.68698358535767,10081038401,12160227842,53132529000,512,38,73,Llama-2-7b-chat-hf,1,What are some effective strategies for managing st,550,32,palmetto-v100,39,16384.0,14686.375
1711939472.5765588,start-inference-512-74,268.73204588890076,10003893335,12152174945,52219283000,512,38,74,Llama-2-7b-chat-hf,1,What are some effective strategies for managing st,550,32,palmetto-v100,39,16384.0,14686.1875
1711939741.3344038,start-inference-512-75,268.6223211288452,9962377633,12160395383,53185653000,512,38,75,Llama-2-7b-chat-hf,1,What are some effective strategies for managing st,550,32,palmetto-v100,39,16384.0,14686.5625
1711940009.989429,start-inference-512-76,268.7602617740631,9930594512,12153101030,53224971000,512,38,76,Llama-2-7b-chat-hf,1,What are some effective strategies for managing st,550,32,palmetto-v100,39,16384.0,14686.375
1711940278.7619328,start-inference-512-77,237.3425669670105,8824697318,10741117584,46328423000,512,38,77,Llama-2-7b-chat-hf,1,What are some effective strategies for managing st,511,32,palmetto-v100,39,16384.0,14686.1875
1711940516.1173012,start-inference-512-78,268.74812960624695,9936461684,12159351319,53227411000,512,38,78,Llama-2-7b-chat-hf,1,What are some effective strategies for managing st,550,32,palmetto-v100,39,16384.0,14686.1875
1711940784.877438,start-inference-512-79,268.6982605457306,10005329306,12176488665,53272994000,512,38,79,Llama-2-7b-chat-hf,1,What are some effective strategies for managing st,550,32,palmetto-v100,39,16384.0,14686.0
1711941053.5877256,start-inference-512-80,268.71082305908203,9922295338,12159094788,53269151000,512,38,80,Llama-2-7b-chat-hf,1,What are some effective strategies for managing st,550,32,palmetto-v100,39,16384.0,14686.0
1711941322.310935,start-inference-512-81,268.76222944259644,9920423395,12171822051,53278554000,512,38,81,Llama-2-7b-chat-hf,1,What are some effective strategies for managing st,550,32,palmetto-v100,39,16384.0,14686.1875
1711941591.1084845,start-inference-512-82,268.764413356781,9979107510.0,12171152985,52968402000,512,38,82,Llama-2-7b-chat-hf,1,What are some effective strategies for managing st,550,32,palmetto-v100,39,16384.0,14686.75
1711941859.8932953,start-inference-512-83,268.6980023384094,9946586292,12162067925,53294256000,512,38,83,Llama-2-7b-chat-hf,1,What are some effective strategies for managing st,550,32,palmetto-v100,39,16384.0,14686.5625
1711942128.6030626,start-inference-512-84,268.74865198135376,9960906934,12181269108,53207220000,512,38,84,Llama-2-7b-chat-hf,1,What are some effective strategies for managing st,550,32,palmetto-v100,39,16384.0,14686.5625
1711942397.3659613,start-inference-512-85,268.63139820098877,9919978572,12154716198,53248497000,512,38,85,Llama-2-7b-chat-hf,1,What are some effective strategies for managing st,550,32,palmetto-v100,39,16384.0,14686.1875
1711942666.0092907,start-inference-512-86,268.6263883113861,9986660653,12183518127,53254648000,512,38,86,Llama-2-7b-chat-hf,1,What are some effective strategies for managing st,550,32,palmetto-v100,39,16384.0,14686.375
1711942934.6478295,start-inference-512-87,268.6127915382385,9912341140,12145269506,52921428000,512,38,87,Llama-2-7b-chat-hf,1,What are some effective strategies for managing st,550,32,palmetto-v100,39,16384.0,14686.1875
1711943203.272242,start-inference-512-88,268.63109016418457,9973431133,12153597304,52897375000,512,38,88,Llama-2-7b-chat-hf,1,What are some effective strategies for managing st,550,32,palmetto-v100,39,16384.0,14686.1875
1711943471.9149108,start-inference-512-89,256.23372197151184,9485790169,11570876202,50460956000,512,38,89,Llama-2-7b-chat-hf,1,What are some effective strategies for managing st,534,32,palmetto-v100,39,16384.0,14686.0
1711943728.1608634,start-inference-512-90,239.82071018218994,8884916525,10834707187,46823592000,512,38,90,Llama-2-7b-chat-hf,1,What are some effective strategies for managing st,514,32,palmetto-v100,39,16384.0,14686.75
1711943967.9921997,start-inference-512-91,268.72969007492065,10053150900,12166854961.0,53171471000,512,38,91,Llama-2-7b-chat-hf,1,What are some effective strategies for managing st,550,32,palmetto-v100,39,16384.0,14688.5625
1711944236.734228,start-inference-512-92,233.30145168304443,8683570605,10552989098,45431801000,512,38,92,Llama-2-7b-chat-hf,1,What are some effective strategies for managing st,506,32,palmetto-v100,39,16384.0,14688.375
1711944470.047754,start-inference-512-93,228.50302147865295,8547319244,10346761049,44382319000,512,38,93,Llama-2-7b-chat-hf,1,What are some effective strategies for managing st,500,32,palmetto-v100,39,16384.0,14686.1875
1711944698.5630617,start-inference-512-94,248.0161349773407,9336683068,11216515292,48537477000,512,38,94,Llama-2-7b-chat-hf,1,What are some effective strategies for managing st,524,32,palmetto-v100,39,16384.0,14686.0
1711944946.589138,start-inference-512-95,268.7492997646332,10043342637,12145640721,53126918000,512,38,95,Llama-2-7b-chat-hf,1,What are some effective strategies for managing st,550,32,palmetto-v100,39,16384.0,14686.0
1711945215.3512168,start-inference-512-96,268.7468087673187,10045084208,12159582947,53083786000,512,38,96,Llama-2-7b-chat-hf,1,What are some effective strategies for managing st,550,32,palmetto-v100,39,16384.0,14686.1875
1711945484.1141837,start-inference-512-97,268.6285209655762,10007803237,12159203309,53159235000,512,38,97,Llama-2-7b-chat-hf,1,What are some effective strategies for managing st,550,32,palmetto-v100,39,16384.0,14686.75
1711945752.7686148,start-inference-512-98,268.6987066268921,10100068382,12163396047,53150626000,512,38,98,Llama-2-7b-chat-hf,1,What are some effective strategies for managing st,550,32,palmetto-v100,39,16384.0,14686.5625
1711946021.4794977,start-inference-512-99,268.74798464775085,10017326894,12139507436,53150813000,512,38,99,Llama-2-7b-chat-hf,1,What are some effective strategies for managing st,550,32,palmetto-v100,39,16384.0,14686.5625
1711946290.2396846,start-inference-1024-0,893.8905091285706,33527021409,40374688388,189238207000,1024,38,0,Llama-2-7b-chat-hf,1,What are some effective strategies for managing st,1062,32,palmetto-v100,39,16384.0,15108.5625
1711947184.144028,start-inference-1024-1,893.6563811302185,33558075285,40352884306,192729087000,1024,38,1,Llama-2-7b-chat-hf,1,What are some effective strategies for managing st,1062,32,palmetto-v100,39,16384.0,15108.375
1711948077.8173687,start-inference-1024-2,893.7435822486877,33707699108.0,40399788666,192721257000,1024,38,2,Llama-2-7b-chat-hf,1,What are some effective strategies for managing st,1062,32,palmetto-v100,39,16384.0,15108.375
1711948971.5749552,start-inference-1024-3,815.0464153289795,30635387820,36827682882,175448059000,1024,38,3,Llama-2-7b-chat-hf,1,What are some effective strategies for managing st,1012,32,palmetto-v100,39,16384.0,14782.1875
1711949786.6359572,start-inference-1024-4,893.5882544517517,33489044577,40393378954.0,190197217000,1024,38,4,Llama-2-7b-chat-hf,1,What are some effective strategies for managing st,1062,32,palmetto-v100,39,16384.0,15108.1875
1711950680.2371702,start-inference-1024-5,893.6140463352203,33441947409,40390303522,192642003000,1024,38,5,Llama-2-7b-chat-hf,1,What are some effective strategies for managing st,1062,32,palmetto-v100,39,16384.0,15108.1875
1711951573.865264,start-inference-1024-6,830.4635515213013,31084227248,37504555843,178870810000,1024,38,6,Llama-2-7b-chat-hf,1,What are some effective strategies for managing st,1022,32,palmetto-v100,39,16384.0,14780.5625
1711952404.3416886,start-inference-1024-7,849.9072315692902,31819873436,38393984292,183075631000,1024,38,7,Llama-2-7b-chat-hf,1,What are some effective strategies for managing st,1034,32,palmetto-v100,39,16384.0,14850.75
1711953254.2622812,start-inference-1024-8,893.6472904682159,33400355168,40412101440,192846480000,1024,38,8,Llama-2-7b-chat-hf,1,What are some effective strategies for managing st,1062,32,palmetto-v100,39,16384.0,15110.375
1711954147.923262,start-inference-1024-9,893.7324244976044,33486436186,40430817700,192809636000,1024,38,9,Llama-2-7b-chat-hf,1,What are some effective strategies for managing st,1062,32,palmetto-v100,39,16384.0,15108.75
1711955041.673367,start-inference-1024-10,893.7054748535156,33454474903.0,40415409353.0,192832526000,1024,38,10,Llama-2-7b-chat-hf,1,What are some effective strategies for managing st,1061,32,palmetto-v100,39,16384.0,15108.1875
1711955935.3922648,start-inference-1024-11,893.7521171569824,33424031072,40390317743,189510613000,1024,38,11,Llama-2-7b-chat-hf,1,What are some effective strategies for managing st,1062,32,palmetto-v100,39,16384.0,15108.5625
1711956829.1577408,start-inference-1024-12,893.8878238201141,33586634355,40375641267,190548719000,1024,38,12,Llama-2-7b-chat-hf,1,What are some effective strategies for managing st,1062,32,palmetto-v100,39,16384.0,15108.1875
1711957723.0582626,start-inference-1024-13,893.8364639282227,33558691922,40378979027,191859530000,1024,38,13,Llama-2-7b-chat-hf,1,What are some effective strategies for managing st,1062,32,palmetto-v100,39,16384.0,15108.5625
1711958616.9077876,start-inference-1024-14,893.8951404094696,33722680333,40455914438,192721068000,1024,38,14,Llama-2-7b-chat-hf,1,What are some effective strategies for managing st,1062,32,palmetto-v100,39,16384.0,15108.1875
1711959510.8193483,start-inference-1024-15,893.7740876674652,33578517005,40449380702,189971894000,1024,38,15,Llama-2-7b-chat-hf,1,What are some effective strategies for managing st,1062,32,palmetto-v100,39,16384.0,15108.5625
1711960404.6061547,start-inference-1024-16,893.6391801834106,33605931913,40440549060,192671591000,1024,38,16,Llama-2-7b-chat-hf,1,What are some effective strategies for managing st,1062,32,palmetto-v100,39,16384.0,15108.1875
1711961298.2592406,start-inference-1024-17,893.769558429718,33628487153,40407811106.0,191013888000,1024,38,17,Llama-2-7b-chat-hf,1,What are some effective strategies for managing st,1062,32,palmetto-v100,39,16384.0,15108.5625
1711962192.0416353,start-inference-1024-18,893.9445316791534,33527741989.0,40349934790,190195717000,1024,38,18,Llama-2-7b-chat-hf,1,What are some effective strategies for managing st,1062,32,palmetto-v100,39,16384.0,15108.1875
1711963085.9991837,start-inference-1024-19,893.8539161682129,33636124280,40414608575,192667590000,1024,38,19,Llama-2-7b-chat-hf,1,What are some effective strategies for managing st,1062,32,palmetto-v100,39,16384.0,15108.375
1711963979.868001,start-inference-1024-20,893.6493561267853,33740106802,40376535612,191760658000,1024,38,20,Llama-2-7b-chat-hf,1,What are some effective strategies for managing st,1062,32,palmetto-v100,39,16384.0,15110.375
1711964873.530893,start-inference-1024-21,893.5897812843323,33765349412,40401664088,192663460000,1024,38,21,Llama-2-7b-chat-hf,1,What are some effective strategies for managing st,1062,32,palmetto-v100,39,16384.0,15108.375
1711965767.1382976,start-inference-1024-22,893.8988854885101,33706959792,40419948649,192100661000,1024,38,22,Llama-2-7b-chat-hf,1,What are some effective strategies for managing st,1062,32,palmetto-v100,39,16384.0,15108.375
1711966661.0500977,start-inference-1024-23,893.9056432247162,33814730573,40395120282.0,192682737000,1024,38,23,Llama-2-7b-chat-hf,1,What are some effective strategies for managing st,1062,32,palmetto-v100,39,16384.0,15108.375
1711967554.9694247,start-inference-1024-24,893.7512607574463,33658656266,40418160750,192736618000,1024,38,24,Llama-2-7b-chat-hf,1,What are some effective strategies for managing st,1062,32,palmetto-v100,39,16384.0,15108.375
1711968448.7325366,start-inference-1024-25,893.7458367347717,33719565044,40427301352,192721929000,1024,38,25,Llama-2-7b-chat-hf,1,What are some effective strategies for managing st,1062,32,palmetto-v100,39,16384.0,15108.375
1711969342.492577,start-inference-1024-26,743.5066132545471,27942585876.0,33625490640,159462964000,1024,38,26,Llama-2-7b-chat-hf,1,What are some effective strategies for managing st,965,32,palmetto-v100,39,16384.0,14782.5625
1711970086.013729,start-inference-1024-27,893.9231786727905,33478232167,40469976292,189278806000,1024,38,27,Llama-2-7b-chat-hf,1,What are some effective strategies for managing st,1062,32,palmetto-v100,39,16384.0,15108.75
1711970979.9492655,start-inference-1024-28,893.9344551563263,33509757049,40399652314,192453798000,1024,38,28,Llama-2-7b-chat-hf,1,What are some effective strategies for managing st,1062,32,palmetto-v100,39,16384.0,15108.5625
1711971873.9012377,start-inference-1024-29,893.7937881946564,33523226620,40393707627,192759958000,1024,38,29,Llama-2-7b-chat-hf,1,What are some effective strategies for managing st,1062,32,palmetto-v100,39,16384.0,15108.75
1711972767.7093804,start-inference-1024-30,893.949143409729,33647414595,40432556893.0,192753852000,1024,38,30,Llama-2-7b-chat-hf,1,What are some effective strategies for managing st,1062,32,palmetto-v100,39,16384.0,15108.5625
1711973661.673898,start-inference-1024-31,893.9613509178162,33589548471,40466761517,192749900000,1024,38,31,Llama-2-7b-chat-hf,1,What are some effective strategies for managing st,1062,32,palmetto-v100,39,16384.0,15110.75
1711974555.6495492,start-inference-1024-32,893.8481967449188,33690811639,40414128046,189334527000,1024,38,32,Llama-2-7b-chat-hf,1,What are some effective strategies for managing st,1062,32,palmetto-v100,19,16384.0,15108.5625
1711975449.5104365,start-inference-1024-33,758.9433410167694,28606064342,34347521323,162810173000,1024,38,33,Llama-2-7b-chat-hf,1,What are some effective strategies for managing st,975,32,palmetto-v100,19,16384.0,14782.1875
1711976208.4668102,start-inference-1024-34,890.487307548523,33526392199.0,40299362410,192094310000,1024,38,34,Llama-2-7b-chat-hf,1,What are some effective strategies for managing st,1059,32,palmetto-v100,19,16384.0,15108.1875
1711977098.9684923,start-inference-1024-35,893.7064743041992,33688244568,40417590378,192785341000,1024,38,35,Llama-2-7b-chat-hf,1,What are some effective strategies for managing st,1062,32,palmetto-v100,19,16384.0,15108.1875
1711977992.6900854,start-inference-1024-36,760.2642979621887,28563167723,34359664724,163214732000,1024,38,36,Llama-2-7b-chat-hf,1,What are some effective strategies for managing st,976,32,palmetto-v100,19,16384.0,14782.75
1711978752.967247,start-inference-1024-37,894.0947842597961,33317088719,40411458374.0,192840746000,1024,38,37,Llama-2-7b-chat-hf,1,What are some effective strategies for managing st,1062,32,palmetto-v100,19,16384.0,15108.1875
1711979647.0771759,start-inference-1024-38,893.9519605636597,33218975811,40485502253,193083544000,1024,38,38,Llama-2-7b-chat-hf,1,What are some effective strategies for managing st,1062,32,palmetto-v100,33,16384.0,15108.75
1711980541.0431993,start-inference-1024-39,832.2967026233673,30954297283,37700803083,179604861000,1024,38,39,Llama-2-7b-chat-hf,1,What are some effective strategies for managing st,1023,32,palmetto-v100,33,16384.0,14782.375
1711981373.3542528,start-inference-1024-40,893.7289154529572,33373333570,40529201054,190230820000,1024,38,40,Llama-2-7b-chat-hf,1,What are some effective strategies for managing st,1062,32,palmetto-v100,33,16384.0,15108.375
1711982267.095872,start-inference-1024-41,893.672351360321,33309603082,40550378979,193242511000,1024,38,41,Llama-2-7b-chat-hf,1,What are some effective strategies for managing st,1061,32,palmetto-v100,33,16384.0,15108.375
1711983160.780016,start-inference-1024-42,764.6347458362579,28448481005.0,34748457247,164775131000,1024,38,42,Llama-2-7b-chat-hf,1,What are some effective strategies for managing st,979,32,palmetto-v100,33,16384.0,14782.0
1711983925.4264605,start-inference-1024-43,893.8257446289062,33351337899,40598937875.0,193312407000,1024,38,43,Llama-2-7b-chat-hf,1,What are some effective strategies for managing st,1062,32,palmetto-v100,33,16384.0,15108.0
1711984819.2645698,start-inference-1024-44,758.4834878444672,28246666214,34481684920,163396106000,1024,38,44,Llama-2-7b-chat-hf,1,What are some effective strategies for managing st,975,32,palmetto-v100,33,16384.0,14782.375
1711985577.7612662,start-inference-1024-45,769.3286414146423,28621138888,34960988991,165715636000,1024,38,45,Llama-2-7b-chat-hf,1,What are some effective strategies for managing st,982,32,palmetto-v100,33,16384.0,14780.0
1711986347.1031556,start-inference-1024-46,893.565667629242,33281532109,40496185331,193234239000,1024,38,46,Llama-2-7b-chat-hf,1,What are some effective strategies for managing st,1062,32,palmetto-v100,33,16384.0,15108.0
1711987240.6829634,start-inference-1024-47,893.6990373134613,33201208462,40507907896,193221692000,1024,38,47,Llama-2-7b-chat-hf,1,What are some effective strategies for managing st,1062,32,palmetto-v100,33,16384.0,15108.0
1711988134.3964295,start-inference-1024-48,893.841997385025,33333361871,40430569105,193173556000,1024,38,48,Llama-2-7b-chat-hf,1,What are some effective strategies for managing st,1062,32,palmetto-v100,33,16384.0,15108.0
1711989028.2525954,start-inference-1024-49,893.8881208896637,33157738298,40422076268,193143421000,1024,38,49,Llama-2-7b-chat-hf,1,What are some effective strategies for managing st,1062,32,palmetto-v100,33,16384.0,15108.0
1711989922.1527483,start-inference-1024-50,893.9196469783783,33227387288.0,40468151406.0,191353589000,1024,38,50,Llama-2-7b-chat-hf,1,What are some effective strategies for managing st,1062,32,palmetto-v100,33,16384.0,15108.1875
1711990816.0862284,start-inference-1024-51,893.7439413070679,33094068416,40395592083,193192720000,1024,38,51,Llama-2-7b-chat-hf,1,What are some effective strategies for managing st,1062,32,palmetto-v100,33,16384.0,15108.75
1711991709.8448195,start-inference-1024-52,806.0592675209045,30029723233,36449313611,173786070000,1024,38,52,Llama-2-7b-chat-hf,1,What are some effective strategies for managing st,1006,32,palmetto-v100,33,16384.0,14780.5625
1711992515.9173334,start-inference-1024-53,893.7716717720032,33250330223,40519971953,193237301000,1024,38,53,Llama-2-7b-chat-hf,1,What are some effective strategies for managing st,1062,32,palmetto-v100,33,16384.0,15108.375
1711993409.7337477,start-inference-1024-54,893.6120285987854,33275207052,40490441815,192514268000,1024,38,54,Llama-2-7b-chat-hf,1,What are some effective strategies for managing st,1062,32,palmetto-v100,33,16384.0,15108.5625
1711994303.3700473,start-inference-1024-55,893.7561922073364,33219642618,40422558810,190430101000,1024,38,55,Llama-2-7b-chat-hf,1,What are some effective strategies for managing st,1062,32,palmetto-v100,33,16384.0,15108.375
1711995197.169253,start-inference-1024-56,893.8113932609558,33181179522,40498137963,193219267000,1024,38,56,Llama-2-7b-chat-hf,1,What are some effective strategies for managing st,1062,32,palmetto-v100,33,16384.0,15108.5625
1711996090.9950943,start-inference-1024-57,893.6508195400238,33229963820,40524932937.0,193182381000,1024,38,57,Llama-2-7b-chat-hf,1,What are some effective strategies for managing st,1062,32,palmetto-v100,33,16384.0,15108.375
1711996984.6786163,start-inference-1024-58,893.8590865135193,33248866237.0,40558458059,191186682000,1024,38,58,Llama-2-7b-chat-hf,1,What are some effective strategies for managing st,1062,32,palmetto-v100,33,16384.0,15110.375
1711997878.5730488,start-inference-1024-59,738.9128251075745,27429933075,33500669610,158942777000,1024,38,59,Llama-2-7b-chat-hf,1,What are some effective strategies for managing st,962,32,palmetto-v100,33,16384.0,14784.9375
1711998617.5084796,start-inference-1024-60,894.0728940963745,33180598468,40509346003,193220979000,1024,38,60,Llama-2-7b-chat-hf,1,What are some effective strategies for managing st,1062,32,palmetto-v100,33,16384.0,15108.375
1711999511.5957284,start-inference-1024-61,894.1295886039734,33293088292,40498597313,192459274000,1024,38,61,Llama-2-7b-chat-hf,1,What are some effective strategies for managing st,1062,32,palmetto-v100,33,16384.0,15108.9375
1712000405.7393417,start-inference-1024-62,894.0704684257507,33134478530,40500105670,190425215000,1024,38,62,Llama-2-7b-chat-hf,1,What are some effective strategies for managing st,1062,32,palmetto-v100,33,16384.0,15108.1875
1712001299.8454459,start-inference-1024-63,734.7855653762817,27253455439,33308782222.0,157993310000,1024,38,63,Llama-2-7b-chat-hf,1,What are some effective strategies for managing st,959,32,palmetto-v100,33,16384.0,14782.375
1712002034.645006,start-inference-1024-64,894.0019280910492,33200002960,40548124956,193303086000,1024,38,64,Llama-2-7b-chat-hf,1,What are some effective strategies for managing st,1062,32,palmetto-v100,33,16384.0,15108.375
1712002928.6617594,start-inference-1024-65,766.4423863887787,28415651560,34719861373,165062888000,1024,38,65,Llama-2-7b-chat-hf,1,What are some effective strategies for managing st,980,32,palmetto-v100,33,16384.0,14782.75
1712003695.1182537,start-inference-1024-66,893.8260545730591,33222284885,40444121866,193265869000,1024,38,66,Llama-2-7b-chat-hf,1,What are some effective strategies for managing st,1062,32,palmetto-v100,33,16384.0,15108.375
1712004588.9893084,start-inference-1024-67,893.9141683578491,33158497938.0,40474890952,193246393000,1024,38,67,Llama-2-7b-chat-hf,1,What are some effective strategies for managing st,1062,32,palmetto-v100,33,16384.0,15108.75
1712005482.9173994,start-inference-1024-68,894.1131880283356,33206286940,40492589942,193227067000,1024,38,68,Llama-2-7b-chat-hf,1,What are some effective strategies for managing st,1062,32,palmetto-v100,33,16384.0,15108.375
1712006377.044507,start-inference-1024-69,894.1735661029816,33199168550,40498110497,193274168000,1024,38,69,Llama-2-7b-chat-hf,1,What are some effective strategies for managing st,1062,32,palmetto-v100,33,16384.0,15108.75
1712007271.2322598,start-inference-1024-70,866.4693496227264,32194909097,39308870804.0,187152439000,1024,38,70,Llama-2-7b-chat-hf,1,What are some effective strategies for managing st,1044,32,palmetto-v100,33,16384.0,14848.1875
1712008137.7181716,start-inference-1024-71,746.5720684528351,27784155801,33906684195,160637314000,1024,38,71,Llama-2-7b-chat-hf,1,What are some effective strategies for managing st,967,32,palmetto-v100,33,16384.0,14784.1875
1712008884.3016825,start-inference-1024-72,893.8343977928162,33136098704,40515065288,193256759000,1024,38,72,Llama-2-7b-chat-hf,1,What are some effective strategies for managing st,1062,32,palmetto-v100,33,16384.0,15108.1875
1712009778.1499684,start-inference-1024-73,893.9081325531006,33254453747,40618435873,190561325000,1024,38,73,Llama-2-7b-chat-hf,1,What are some effective strategies for managing st,1062,32,palmetto-v100,33,16384.0,15108.1875
1712010672.0712686,start-inference-1024-74,893.7904734611511,33114734745,40599038888,193265478000,1024,38,74,Llama-2-7b-chat-hf,1,What are some effective strategies for managing st,1062,32,palmetto-v100,33,16384.0,15108.1875
1712011565.876103,start-inference-1024-75,893.8025062084198,33269547703.0,40510822013,193228509000,1024,38,75,Llama-2-7b-chat-hf,1,What are some effective strategies for managing st,1062,32,palmetto-v100,33,16384.0,15108.0
1712012459.6925104,start-inference-1024-76,894.0329647064209,33153040922,40462411431,190232967000,1024,38,76,Llama-2-7b-chat-hf,1,What are some effective strategies for managing st,1062,32,palmetto-v100,33,16384.0,15108.0
1712013353.7389739,start-inference-1024-77,893.9780805110931,33250658348,40487938159.0,193272749000,1024,38,77,Llama-2-7b-chat-hf,1,What are some effective strategies for managing st,1062,32,palmetto-v100,33,16384.0,15108.0
1712014247.734721,start-inference-1024-78,893.9579246044159,33158994703,40424396574,193264394000,1024,38,78,Llama-2-7b-chat-hf,1,What are some effective strategies for managing st,1062,32,palmetto-v100,33,16384.0,15108.0
1712015141.7173028,start-inference-1024-79,893.8853483200073,33257451909,40523612262,193231483000,1024,38,79,Llama-2-7b-chat-hf,1,What are some effective strategies for managing st,1062,32,palmetto-v100,33,16384.0,15108.0
1712016035.643504,start-inference-1024-80,743.3523530960083,27584174197,33654917506,159941519000,1024,38,80,Llama-2-7b-chat-hf,1,What are some effective strategies for managing st,965,32,palmetto-v100,33,16384.0,14782.1875
1712016779.0088272,start-inference-1024-81,853.2828216552734,31677829305,38643012524,184248005000,1024,38,81,Llama-2-7b-chat-hf,1,What are some effective strategies for managing st,1036,32,palmetto-v100,33,16384.0,14846.375
1712017632.305551,start-inference-1024-82,893.9210557937622,33299845417,40470168124,193280475000,1024,38,82,Llama-2-7b-chat-hf,1,What are some effective strategies for managing st,1062,32,palmetto-v100,33,16384.0,15110.1875
1712018526.2507918,start-inference-1024-83,893.8762385845184,33104849882.0,40471126008.0,193249404000,1024,38,83,Llama-2-7b-chat-hf,1,What are some effective strategies for managing st,1062,32,palmetto-v100,33,16384.0,15108.375
1712019420.1416407,start-inference-1024-84,893.7485077381134,33222262424,40488270007,193117663000,1024,38,84,Llama-2-7b-chat-hf,1,What are some effective strategies for managing st,1062,32,palmetto-v100,33,16384.0,15108.1875
1712020313.9016812,start-inference-1024-85,764.9185900688171,28333559913,34656153834,164673388000,1024,38,85,Llama-2-7b-chat-hf,1,What are some effective strategies for managing st,979,32,palmetto-v100,33,16384.0,14782.1875
1712021078.8327556,start-inference-1024-86,893.8216428756714,33168106801,40471350983,193279610000,1024,38,86,Llama-2-7b-chat-hf,1,What are some effective strategies for managing st,1062,32,palmetto-v100,33,16384.0,15108.75
1712021972.668225,start-inference-1024-87,894.0813748836517,33073797228,40538960490,193212552000,1024,38,87,Llama-2-7b-chat-hf,1,What are some effective strategies for managing st,1062,32,palmetto-v100,33,16384.0,15108.1875
1712022866.763407,start-inference-1024-88,893.70627617836,33115664064,40550314221,193134800000,1024,38,88,Llama-2-7b-chat-hf,1,What are some effective strategies for managing st,1062,32,palmetto-v100,33,16384.0,15108.75
1712023760.4862943,start-inference-1024-89,893.6901185512543,33080467011,40532280698,193186210000,1024,38,89,Llama-2-7b-chat-hf,1,What are some effective strategies for managing st,1062,32,palmetto-v100,33,16384.0,15108.1875
1712024654.1903775,start-inference-1024-90,803.0385148525238,29766182039,36407190854.0,173122536000,1024,38,90,Llama-2-7b-chat-hf,1,What are some effective strategies for managing st,1004,32,palmetto-v100,33,16384.0,14782.375
1712025457.2425995,start-inference-1024-91,893.8334732055664,33124284098.0,40489243088,193293512000,1024,38,91,Llama-2-7b-chat-hf,1,What are some effective strategies for managing st,1062,32,palmetto-v100,33,16384.0,15108.375
1712026351.0901122,start-inference-1024-92,893.9062209129333,33148513040,40493746678,193275218000,1024,38,92,Llama-2-7b-chat-hf,1,What are some effective strategies for managing st,1062,32,palmetto-v100,33,16384.0,15108.375
1712027245.0110037,start-inference-1024-93,786.446053981781,29131808846,35696478929,169447118000,1024,38,93,Llama-2-7b-chat-hf,1,What are some effective strategies for managing st,993,32,palmetto-v100,33,16384.0,14780.5625
1712028031.470951,start-inference-1024-94,893.8932793140411,33098393173,40464922593,193290619000,1024,38,94,Llama-2-7b-chat-hf,1,What are some effective strategies for managing st,1062,32,palmetto-v100,33,16384.0,15108.9375
1712028925.378121,start-inference-1024-95,893.5119111537933,33217560348,40464223193,192234317000,1024,38,95,Llama-2-7b-chat-hf,1,What are some effective strategies for managing st,1062,32,palmetto-v100,33,16384.0,15108.5625
1712029818.9018483,start-inference-1024-96,893.8890910148621,33109508562,40485593866,193259056000,1024,38,96,Llama-2-7b-chat-hf,1,What are some effective strategies for managing st,1062,32,palmetto-v100,33,16384.0,15110.1875
1712030712.8058612,start-inference-1024-97,894.074681520462,33244187477,40457566411.0,193246075000,1024,38,97,Llama-2-7b-chat-hf,1,What are some effective strategies for managing st,1062,32,palmetto-v100,33,16384.0,15108.75
1712031606.8968909,start-inference-1024-98,748.1581146717072,27728354247,33891791288,160948858000,1024,38,98,Llama-2-7b-chat-hf,1,What are some effective strategies for managing st,968,32,palmetto-v100,33,16384.0,14780.375
1712032355.0686355,start-inference-1024-99,894.0054957866669,33204493365.0,40514835551,190643524000,1024,38,99,Llama-2-7b-chat-hf,1,What are some effective strategies for managing st,1062,32,palmetto-v100,33,16384.0,15108.1875
1712033249.0867293,start-inference-2048-0,3300.0189106464386,122523933774,149252328790,736804042000,2048,38,0,Llama-2-7b-chat-hf,1,What are some effective strategies for managing st,2086,32,palmetto-v100,33,16384.0,16242.375
1712036549.1267602,start-inference-2048-1,3301.8577840328217,122603467018,149392724182.0,750080211000,2048,38,1,Llama-2-7b-chat-hf,1,What are some effective strategies for managing st,2086,32,palmetto-v100,33,16384.0,16242.375
1712039851.0081882,start-inference-2048-2,3300.354013442993,122386897259.0,149544797278.0,735410994000,2048,38,2,Llama-2-7b-chat-hf,1,What are some effective strategies for managing st,2086,32,palmetto-v100,33,16384.0,16242.375
1712043151.380327,start-inference-2048-3,3299.801736354828,122495321848,149173335950,736208044000,2048,38,3,Llama-2-7b-chat-hf,1,What are some effective strategies for managing st,2086,32,palmetto-v100,33,16384.0,16244.375
